GEOID10,CNTY,CNTYLONG,TOTAL POPULATION,MEDIAN AGE,variable,value,sex
50009,Essex,Essex County,6306,47.4,MALE UNDER 5 YEARS OF AGE,132.0,Male
50011,Franklin,Franklin County,47746,39.6,MALE UNDER 5 YEARS OF AGE,1581.0,Male
50005,Caledonia,Caledonia County,31227,42.1,MALE UNDER 5 YEARS OF AGE,918.0,Male
50001,Addison,Addison County,36821,41.3,MALE UNDER 5 YEARS OF AGE,956.0,Male
50021,Rutland,Rutland County,61642,44.3,MALE UNDER 5 YEARS OF AGE,1441.0,Male
50025,Windham,Windham County,44513,44.9,MALE UNDER 5 YEARS OF AGE,1116.0,Male
50027,Windsor,Windsor County,56670,45.8,MALE UNDER 5 YEARS OF AGE,1354.0,Male
50023,Washington,Washington County,59534,42.3,MALE UNDER 5 YEARS OF AGE,1526.0,Male
50013,Grand Isle,Grand Isle County,6970,45.5,MALE UNDER 5 YEARS OF AGE,150.0,Male
50015,Lamoille,Lamoille County,24475,39.7,MALE UNDER 5 YEARS OF AGE,694.0,Male
50017,Orange,Orange County,28936,43.8,MALE UNDER 5 YEARS OF AGE,735.0,Male
50003,Bennington,Bennington County,37125,45.1,MALE UNDER 5 YEARS OF AGE,995.0,Male
50019,Orleans,Orleans County,27231,43.7,MALE UNDER 5 YEARS OF AGE,689.0,Male
50007,Chittenden,Chittenden County,156545,36.2,MALE UNDER 5 YEARS OF AGE,4052.0,Male
50009,Essex,Essex County,6306,47.4,MALE 5-9 YEARS OF AGE,154.0,Male
50011,Franklin,Franklin County,47746,39.6,MALE 5-9 YEARS OF AGE,1570.0,Male
50005,Caledonia,Caledonia County,31227,42.1,MALE 5-9 YEARS OF AGE,935.0,Male
50001,Addison,Addison County,36821,41.3,MALE 5-9 YEARS OF AGE,1007.0,Male
50021,Rutland,Rutland County,61642,44.3,MALE 5-9 YEARS OF AGE,1684.0,Male
50025,Windham,Windham County,44513,44.9,MALE 5-9 YEARS OF AGE,1223.0,Male
50027,Windsor,Windsor County,56670,45.8,MALE 5-9 YEARS OF AGE,1546.0,Male
50023,Washington,Washington County,59534,42.3,MALE 5-9 YEARS OF AGE,1705.0,Male
50013,Grand Isle,Grand Isle County,6970,45.5,MALE 5-9 YEARS OF AGE,182.0,Male
50015,Lamoille,Lamoille County,24475,39.7,MALE 5-9 YEARS OF AGE,758.0,Male
50017,Orange,Orange County,28936,43.8,MALE 5-9 YEARS OF AGE,851.0,Male
50003,Bennington,Bennington County,37125,45.1,MALE 5-9 YEARS OF AGE,1067.0,Male
50019,Orleans,Orleans County,27231,43.7,MALE 5-9 YEARS OF AGE,792.0,Male
50007,Chittenden,Chittenden County,156545,36.2,MALE 5-9 YEARS OF AGE,4380.0,Male
50009,Essex,Essex County,6306,47.4,MALE 10-14 YEARS OF AGE,202.0,Male
50011,Franklin,Franklin County,47746,39.6,MALE 10-14 YEARS OF AGE,1795.0,Male
50005,Caledonia,Caledonia County,31227,42.1,MALE 10-14 YEARS OF AGE,984.0,Male
50001,Addison,Addison County,36821,41.3,MALE 10-14 YEARS OF AGE,1151.0,Male
50021,Rutland,Rutland County,61642,44.3,MALE 10-14 YEARS OF AGE,1813.0,Male
50025,Windham,Windham County,44513,44.9,MALE 10-14 YEARS OF AGE,1377.0,Male
50027,Windsor,Windsor County,56670,45.8,MALE 10-14 YEARS OF AGE,1740.0,Male
50023,Washington,Washington County,59534,42.3,MALE 10-14 YEARS OF AGE,1812.0,Male
50013,Grand Isle,Grand Isle County,6970,45.5,MALE 10-14 YEARS OF AGE,240.0,Male
50015,Lamoille,Lamoille County,24475,39.7,MALE 10-14 YEARS OF AGE,816.0,Male
50017,Orange,Orange County,28936,43.8,MALE 10-14 YEARS OF AGE,894.0,Male
50003,Bennington,Bennington County,37125,45.1,MALE 10-14 YEARS OF AGE,1072.0,Male
50019,Orleans,Orleans County,27231,43.7,MALE 10-14 YEARS OF AGE,869.0,Male
50007,Chittenden,Chittenden County,156545,36.2,MALE 10-14 YEARS OF AGE,4586.0,Male
50009,Essex,Essex County,6306,47.4,MALE 15-17 YEARS OF AGE,121.0,Male
50011,Franklin,Franklin County,47746,39.6,MALE 15-17 YEARS OF AGE,1127.0,Male
50005,Caledonia,Caledonia County,31227,42.1,MALE 15-17 YEARS OF AGE,672.0,Male
50001,Addison,Addison County,36821,41.3,MALE 15-17 YEARS OF AGE,806.0,Male
50021,Rutland,Rutland County,61642,44.3,MALE 15-17 YEARS OF AGE,1204.0,Male
50025,Windham,Windham County,44513,44.9,MALE 15-17 YEARS OF AGE,891.0,Male
50027,Windsor,Windsor County,56670,45.8,MALE 15-17 YEARS OF AGE,1091.0,Male
50023,Washington,Washington County,59534,42.3,MALE 15-17 YEARS OF AGE,1197.0,Male
50013,Grand Isle,Grand Isle County,6970,45.5,MALE 15-17 YEARS OF AGE,152.0,Male
50015,Lamoille,Lamoille County,24475,39.7,MALE 15-17 YEARS OF AGE,518.0,Male
50017,Orange,Orange County,28936,43.8,MALE 15-17 YEARS OF AGE,579.0,Male
50003,Bennington,Bennington County,37125,45.1,MALE 15-17 YEARS OF AGE,818.0,Male
50019,Orleans,Orleans County,27231,43.7,MALE 15-17 YEARS OF AGE,559.0,Male
50007,Chittenden,Chittenden County,156545,36.2,MALE 15-17 YEARS OF AGE,3069.0,Male
50009,Essex,Essex County,6306,47.4,MALE 18 OR 19 YEARS OF AGE,54.0,Male
50011,Franklin,Franklin County,47746,39.6,MALE 18 OR 19 YEARS OF AGE,576.0,Male
50005,Caledonia,Caledonia County,31227,42.1,MALE 18 OR 19 YEARS OF AGE,601.0,Male
50001,Addison,Addison County,36821,41.3,MALE 18 OR 19 YEARS OF AGE,847.0,Male
50021,Rutland,Rutland County,61642,44.3,MALE 18 OR 19 YEARS OF AGE,997.0,Male
50025,Windham,Windham County,44513,44.9,MALE 18 OR 19 YEARS OF AGE,576.0,Male
50027,Windsor,Windsor County,56670,45.8,MALE 18 OR 19 YEARS OF AGE,564.0,Male
50023,Washington,Washington County,59534,42.3,MALE 18 OR 19 YEARS OF AGE,1174.0,Male
50013,Grand Isle,Grand Isle County,6970,45.5,MALE 18 OR 19 YEARS OF AGE,68.0,Male
50015,Lamoille,Lamoille County,24475,39.7,MALE 18 OR 19 YEARS OF AGE,388.0,Male
50017,Orange,Orange County,28936,43.8,MALE 18 OR 19 YEARS OF AGE,482.0,Male
50003,Bennington,Bennington County,37125,45.1,MALE 18 OR 19 YEARS OF AGE,525.0,Male
50019,Orleans,Orleans County,27231,43.7,MALE 18 OR 19 YEARS OF AGE,310.0,Male
50007,Chittenden,Chittenden County,156545,36.2,MALE 18 OR 19 YEARS OF AGE,3693.0,Male
50009,Essex,Essex County,6306,47.4,MALE 20 YEARS OF AGE,43.0,Male
50011,Franklin,Franklin County,47746,39.6,MALE 20 YEARS OF AGE,252.0,Male
50005,Caledonia,Caledonia County,31227,42.1,MALE 20 YEARS OF AGE,263.0,Male
50001,Addison,Addison County,36821,41.3,MALE 20 YEARS OF AGE,479.0,Male
50021,Rutland,Rutland County,61642,44.3,MALE 20 YEARS OF AGE,477.0,Male
50025,Windham,Windham County,44513,44.9,MALE 20 YEARS OF AGE,312.0,Male
50027,Windsor,Windsor County,56670,45.8,MALE 20 YEARS OF AGE,243.0,Male
50023,Washington,Washington County,59534,42.3,MALE 20 YEARS OF AGE,513.0,Male
50013,Grand Isle,Grand Isle County,6970,45.5,MALE 20 YEARS OF AGE,44.0,Male
50015,Lamoille,Lamoille County,24475,39.7,MALE 20 YEARS OF AGE,187.0,Male
50017,Orange,Orange County,28936,43.8,MALE 20 YEARS OF AGE,240.0,Male
50003,Bennington,Bennington County,37125,45.1,MALE 20 YEARS OF AGE,219.0,Male
50019,Orleans,Orleans County,27231,43.7,MALE 20 YEARS OF AGE,157.0,Male
50007,Chittenden,Chittenden County,156545,36.2,MALE 20 YEARS OF AGE,1992.0,Male
50009,Essex,Essex County,6306,47.4,MALE 21 YEARS OF AGE,22.0,Male
50011,Franklin,Franklin County,47746,39.6,MALE 21 YEARS OF AGE,251.0,Male
50005,Caledonia,Caledonia County,31227,42.1,MALE 21 YEARS OF AGE,226.0,Male
50001,Addison,Addison County,36821,41.3,MALE 21 YEARS OF AGE,398.0,Male
50021,Rutland,Rutland County,61642,44.3,MALE 21 YEARS OF AGE,425.0,Male
50025,Windham,Windham County,44513,44.9,MALE 21 YEARS OF AGE,268.0,Male
50027,Windsor,Windsor County,56670,45.8,MALE 21 YEARS OF AGE,239.0,Male
50023,Washington,Washington County,59534,42.3,MALE 21 YEARS OF AGE,472.0,Male
50013,Grand Isle,Grand Isle County,6970,45.5,MALE 21 YEARS OF AGE,24.0,Male
50015,Lamoille,Lamoille County,24475,39.7,MALE 21 YEARS OF AGE,165.0,Male
50017,Orange,Orange County,28936,43.8,MALE 21 YEARS OF AGE,188.0,Male
50003,Bennington,Bennington County,37125,45.1,MALE 21 YEARS OF AGE,215.0,Male
50019,Orleans,Orleans County,27231,43.7,MALE 21 YEARS OF AGE,134.0,Male
50007,Chittenden,Chittenden County,156545,36.2,MALE 21 YEARS OF AGE,1976.0,Male
50009,Essex,Essex County,6306,47.4,MALE 22-24 YEARS OF AGE,76.0,Male
50011,Franklin,Franklin County,47746,39.6,MALE 22-24 YEARS OF AGE,695.0,Male
50005,Caledonia,Caledonia County,31227,42.1,MALE 22-24 YEARS OF AGE,543.0,Male
50001,Addison,Addison County,36821,41.3,MALE 22-24 YEARS OF AGE,778.0,Male
50021,Rutland,Rutland County,61642,44.3,MALE 22-24 YEARS OF AGE,1201.0,Male
50025,Windham,Windham County,44513,44.9,MALE 22-24 YEARS OF AGE,758.0,Male
50027,Windsor,Windsor County,56670,45.8,MALE 22-24 YEARS OF AGE,854.0,Male
50023,Washington,Washington County,59534,42.3,MALE 22-24 YEARS OF AGE,1087.0,Male
50013,Grand Isle,Grand Isle County,6970,45.5,MALE 22-24 YEARS OF AGE,96.0,Male
50015,Lamoille,Lamoille County,24475,39.7,MALE 22-24 YEARS OF AGE,460.0,Male
50017,Orange,Orange County,28936,43.8,MALE 22-24 YEARS OF AGE,442.0,Male
50003,Bennington,Bennington County,37125,45.1,MALE 22-24 YEARS OF AGE,562.0,Male
50019,Orleans,Orleans County,27231,43.7,MALE 22-24 YEARS OF AGE,472.0,Male
50007,Chittenden,Chittenden County,156545,36.2,MALE 22-24 YEARS OF AGE,4234.0,Male
50009,Essex,Essex County,6306,47.4,MALE 25-29 YEARS OF AGE,127.0,Male
50011,Franklin,Franklin County,47746,39.6,MALE 25-29 YEARS OF AGE,1365.0,Male
50005,Caledonia,Caledonia County,31227,42.1,MALE 25-29 YEARS OF AGE,831.0,Male
50001,Addison,Addison County,36821,41.3,MALE 25-29 YEARS OF AGE,818.0,Male
50021,Rutland,Rutland County,61642,44.3,MALE 25-29 YEARS OF AGE,1610.0,Male
50025,Windham,Windham County,44513,44.9,MALE 25-29 YEARS OF AGE,1176.0,Male
50027,Windsor,Windsor County,56670,45.8,MALE 25-29 YEARS OF AGE,1619.0,Male
50023,Washington,Washington County,59534,42.3,MALE 25-29 YEARS OF AGE,1481.0,Male
50013,Grand Isle,Grand Isle County,6970,45.5,MALE 25-29 YEARS OF AGE,137.0,Male
50015,Lamoille,Lamoille County,24475,39.7,MALE 25-29 YEARS OF AGE,690.0,Male
50017,Orange,Orange County,28936,43.8,MALE 25-29 YEARS OF AGE,751.0,Male
50003,Bennington,Bennington County,37125,45.1,MALE 25-29 YEARS OF AGE,861.0,Male
50019,Orleans,Orleans County,27231,43.7,MALE 25-29 YEARS OF AGE,765.0,Male
50007,Chittenden,Chittenden County,156545,36.2,MALE 25-29 YEARS OF AGE,5482.0,Male
50009,Essex,Essex County,6306,47.4,MALE 30-34 YEARS OF AGE,132.0,Male
50011,Franklin,Franklin County,47746,39.6,MALE 30-34 YEARS OF AGE,1409.0,Male
50005,Caledonia,Caledonia County,31227,42.1,MALE 30-34 YEARS OF AGE,821.0,Male
50001,Addison,Addison County,36821,41.3,MALE 30-34 YEARS OF AGE,889.0,Male
50021,Rutland,Rutland County,61642,44.3,MALE 30-34 YEARS OF AGE,1522.0,Male
50025,Windham,Windham County,44513,44.9,MALE 30-34 YEARS OF AGE,1077.0,Male
50027,Windsor,Windsor County,56670,45.8,MALE 30-34 YEARS OF AGE,1476.0,Male
50023,Washington,Washington County,59534,42.3,MALE 30-34 YEARS OF AGE,1612.0,Male
50013,Grand Isle,Grand Isle County,6970,45.5,MALE 30-34 YEARS OF AGE,186.0,Male
50015,Lamoille,Lamoille County,24475,39.7,MALE 30-34 YEARS OF AGE,754.0,Male
50017,Orange,Orange County,28936,43.8,MALE 30-34 YEARS OF AGE,731.0,Male
50003,Bennington,Bennington County,37125,45.1,MALE 30-34 YEARS OF AGE,799.0,Male
50019,Orleans,Orleans County,27231,43.7,MALE 30-34 YEARS OF AGE,751.0,Male
50007,Chittenden,Chittenden County,156545,36.2,MALE 30-34 YEARS OF AGE,4749.0,Male
50009,Essex,Essex County,6306,47.4,MALE 35-39 YEARS OF AGE,182.0,Male
50011,Franklin,Franklin County,47746,39.6,MALE 35-39 YEARS OF AGE,1620.0,Male
50005,Caledonia,Caledonia County,31227,42.1,MALE 35-39 YEARS OF AGE,886.0,Male
50001,Addison,Addison County,36821,41.3,MALE 35-39 YEARS OF AGE,994.0,Male
50021,Rutland,Rutland County,61642,44.3,MALE 35-39 YEARS OF AGE,1634.0,Male
50025,Windham,Windham County,44513,44.9,MALE 35-39 YEARS OF AGE,1135.0,Male
50027,Windsor,Windsor County,56670,45.8,MALE 35-39 YEARS OF AGE,1524.0,Male
50023,Washington,Washington County,59534,42.3,MALE 35-39 YEARS OF AGE,1802.0,Male
50013,Grand Isle,Grand Isle County,6970,45.5,MALE 35-39 YEARS OF AGE,191.0,Male
50015,Lamoille,Lamoille County,24475,39.7,MALE 35-39 YEARS OF AGE,842.0,Male
50017,Orange,Orange County,28936,43.8,MALE 35-39 YEARS OF AGE,789.0,Male
50003,Bennington,Bennington County,37125,45.1,MALE 35-39 YEARS OF AGE,932.0,Male
50019,Orleans,Orleans County,27231,43.7,MALE 35-39 YEARS OF AGE,835.0,Male
50007,Chittenden,Chittenden County,156545,36.2,MALE 35-39 YEARS OF AGE,4616.0,Male
50009,Essex,Essex County,6306,47.4,MALE 40-44 YEARS OF AGE,215.0,Male
50011,Franklin,Franklin County,47746,39.6,MALE 40-44 YEARS OF AGE,1756.0,Male
50005,Caledonia,Caledonia County,31227,42.1,MALE 40-44 YEARS OF AGE,948.0,Male
50001,Addison,Addison County,36821,41.3,MALE 40-44 YEARS OF AGE,1197.0,Male
50021,Rutland,Rutland County,61642,44.3,MALE 40-44 YEARS OF AGE,2020.0,Male
50025,Windham,Windham County,44513,44.9,MALE 40-44 YEARS OF AGE,1343.0,Male
50027,Windsor,Windsor County,56670,45.8,MALE 40-44 YEARS OF AGE,1779.0,Male
50023,Washington,Washington County,59534,42.3,MALE 40-44 YEARS OF AGE,2067.0,Male
50013,Grand Isle,Grand Isle County,6970,45.5,MALE 40-44 YEARS OF AGE,257.0,Male
50015,Lamoille,Lamoille County,24475,39.7,MALE 40-44 YEARS OF AGE,849.0,Male
50017,Orange,Orange County,28936,43.8,MALE 40-44 YEARS OF AGE,960.0,Male
50003,Bennington,Bennington County,37125,45.1,MALE 40-44 YEARS OF AGE,1166.0,Male
50019,Orleans,Orleans County,27231,43.7,MALE 40-44 YEARS OF AGE,900.0,Male
50007,Chittenden,Chittenden County,156545,36.2,MALE 40-44 YEARS OF AGE,5146.0,Male
50009,Essex,Essex County,6306,47.4,MALE 45-49 YEARS OF AGE,262.0,Male
50011,Franklin,Franklin County,47746,39.6,MALE 45-49 YEARS OF AGE,2023.0,Male
50005,Caledonia,Caledonia County,31227,42.1,MALE 45-49 YEARS OF AGE,1143.0,Male
50001,Addison,Addison County,36821,41.3,MALE 45-49 YEARS OF AGE,1517.0,Male
50021,Rutland,Rutland County,61642,44.3,MALE 45-49 YEARS OF AGE,2535.0,Male
50025,Windham,Windham County,44513,44.9,MALE 45-49 YEARS OF AGE,1756.0,Male
50027,Windsor,Windsor County,56670,45.8,MALE 45-49 YEARS OF AGE,2204.0,Male
50023,Washington,Washington County,59534,42.3,MALE 45-49 YEARS OF AGE,2353.0,Male
50013,Grand Isle,Grand Isle County,6970,45.5,MALE 45-49 YEARS OF AGE,286.0,Male
50015,Lamoille,Lamoille County,24475,39.7,MALE 45-49 YEARS OF AGE,962.0,Male
50017,Orange,Orange County,28936,43.8,MALE 45-49 YEARS OF AGE,1179.0,Male
50003,Bennington,Bennington County,37125,45.1,MALE 45-49 YEARS OF AGE,1415.0,Male
50019,Orleans,Orleans County,27231,43.7,MALE 45-49 YEARS OF AGE,1053.0,Male
50007,Chittenden,Chittenden County,156545,36.2,MALE 45-49 YEARS OF AGE,5826.0,Male
50009,Essex,Essex County,6306,47.4,MALE 50-54 YEARS OF AGE,285.0,Male
50011,Franklin,Franklin County,47746,39.6,MALE 50-54 YEARS OF AGE,1968.0,Male
50005,Caledonia,Caledonia County,31227,42.1,MALE 50-54 YEARS OF AGE,1192.0,Male
50001,Addison,Addison County,36821,41.3,MALE 50-54 YEARS OF AGE,1507.0,Male
50021,Rutland,Rutland County,61642,44.3,MALE 50-54 YEARS OF AGE,2592.0,Male
50025,Windham,Windham County,44513,44.9,MALE 50-54 YEARS OF AGE,1971.0,Male
50027,Windsor,Windsor County,56670,45.8,MALE 50-54 YEARS OF AGE,2473.0,Male
50023,Washington,Washington County,59534,42.3,MALE 50-54 YEARS OF AGE,2453.0,Male
50013,Grand Isle,Grand Isle County,6970,45.5,MALE 50-54 YEARS OF AGE,346.0,Male
50015,Lamoille,Lamoille County,24475,39.7,MALE 50-54 YEARS OF AGE,989.0,Male
50017,Orange,Orange County,28936,43.8,MALE 50-54 YEARS OF AGE,1327.0,Male
50003,Bennington,Bennington County,37125,45.1,MALE 50-54 YEARS OF AGE,1514.0,Male
50019,Orleans,Orleans County,27231,43.7,MALE 50-54 YEARS OF AGE,1076.0,Male
50007,Chittenden,Chittenden County,156545,36.2,MALE 50-54 YEARS OF AGE,6080.0,Male
50009,Essex,Essex County,6306,47.4,MALE 55-59 YEARS OF AGE,317.0,Male
50011,Franklin,Franklin County,47746,39.6,MALE 55-59 YEARS OF AGE,1684.0,Male
50005,Caledonia,Caledonia County,31227,42.1,MALE 55-59 YEARS OF AGE,1300.0,Male
50001,Addison,Addison County,36821,41.3,MALE 55-59 YEARS OF AGE,1444.0,Male
50021,Rutland,Rutland County,61642,44.3,MALE 55-59 YEARS OF AGE,2539.0,Male
50025,Windham,Windham County,44513,44.9,MALE 55-59 YEARS OF AGE,1967.0,Male
50027,Windsor,Windsor County,56670,45.8,MALE 55-59 YEARS OF AGE,2436.0,Male
50023,Washington,Washington County,59534,42.3,MALE 55-59 YEARS OF AGE,2332.0,Male
50013,Grand Isle,Grand Isle County,6970,45.5,MALE 55-59 YEARS OF AGE,340.0,Male
50015,Lamoille,Lamoille County,24475,39.7,MALE 55-59 YEARS OF AGE,857.0,Male
50017,Orange,Orange County,28936,43.8,MALE 55-59 YEARS OF AGE,1199.0,Male
50003,Bennington,Bennington County,37125,45.1,MALE 55-59 YEARS OF AGE,1387.0,Male
50019,Orleans,Orleans County,27231,43.7,MALE 55-59 YEARS OF AGE,1059.0,Male
50007,Chittenden,Chittenden County,156545,36.2,MALE 55-59 YEARS OF AGE,5044.0,Male
50009,Essex,Essex County,6306,47.4,MALE 60 OR 61 YEARS OF AGE,105.0,Male
50011,Franklin,Franklin County,47746,39.6,MALE 60 OR 61 YEARS OF AGE,579.0,Male
50005,Caledonia,Caledonia County,31227,42.1,MALE 60 OR 61 YEARS OF AGE,429.0,Male
50001,Addison,Addison County,36821,41.3,MALE 60 OR 61 YEARS OF AGE,544.0,Male
50021,Rutland,Rutland County,61642,44.3,MALE 60 OR 61 YEARS OF AGE,968.0,Male
50025,Windham,Windham County,44513,44.9,MALE 60 OR 61 YEARS OF AGE,739.0,Male
50027,Windsor,Windsor County,56670,45.8,MALE 60 OR 61 YEARS OF AGE,877.0,Male
50023,Washington,Washington County,59534,42.3,MALE 60 OR 61 YEARS OF AGE,961.0,Male
50013,Grand Isle,Grand Isle County,6970,45.5,MALE 60 OR 61 YEARS OF AGE,133.0,Male
50015,Lamoille,Lamoille County,24475,39.7,MALE 60 OR 61 YEARS OF AGE,345.0,Male
50017,Orange,Orange County,28936,43.8,MALE 60 OR 61 YEARS OF AGE,489.0,Male
50003,Bennington,Bennington County,37125,45.1,MALE 60 OR 61 YEARS OF AGE,575.0,Male
50019,Orleans,Orleans County,27231,43.7,MALE 60 OR 61 YEARS OF AGE,372.0,Male
50007,Chittenden,Chittenden County,156545,36.2,MALE 60 OR 61 YEARS OF AGE,1731.0,Male
50009,Essex,Essex County,6306,47.4,MALE 62-64 YEARS OF AGE,162.0,Male
50011,Franklin,Franklin County,47746,39.6,MALE 62-64 YEARS OF AGE,828.0,Male
50005,Caledonia,Caledonia County,31227,42.1,MALE 62-64 YEARS OF AGE,656.0,Male
50001,Addison,Addison County,36821,41.3,MALE 62-64 YEARS OF AGE,696.0,Male
50021,Rutland,Rutland County,61642,44.3,MALE 62-64 YEARS OF AGE,1273.0,Male
50025,Windham,Windham County,44513,44.9,MALE 62-64 YEARS OF AGE,926.0,Male
50027,Windsor,Windsor County,56670,45.8,MALE 62-64 YEARS OF AGE,1199.0,Male
50023,Washington,Washington County,59534,42.3,MALE 62-64 YEARS OF AGE,1141.0,Male
50013,Grand Isle,Grand Isle County,6970,45.5,MALE 62-64 YEARS OF AGE,167.0,Male
50015,Lamoille,Lamoille County,24475,39.7,MALE 62-64 YEARS OF AGE,449.0,Male
50017,Orange,Orange County,28936,43.8,MALE 62-64 YEARS OF AGE,608.0,Male
50003,Bennington,Bennington County,37125,45.1,MALE 62-64 YEARS OF AGE,759.0,Male
50019,Orleans,Orleans County,27231,43.7,MALE 62-64 YEARS OF AGE,617.0,Male
50007,Chittenden,Chittenden County,156545,36.2,MALE 62-64 YEARS OF AGE,2281.0,Male
50009,Essex,Essex County,6306,47.4,MALE 65 OR 66 YEARS OF AGE,98.0,Male
50011,Franklin,Franklin County,47746,39.6,MALE 65 OR 66 YEARS OF AGE,415.0,Male
50005,Caledonia,Caledonia County,31227,42.1,MALE 65 OR 66 YEARS OF AGE,343.0,Male
50001,Addison,Addison County,36821,41.3,MALE 65 OR 66 YEARS OF AGE,428.0,Male
50021,Rutland,Rutland County,61642,44.3,MALE 65 OR 66 YEARS OF AGE,707.0,Male
50025,Windham,Windham County,44513,44.9,MALE 65 OR 66 YEARS OF AGE,517.0,Male
50027,Windsor,Windsor County,56670,45.8,MALE 65 OR 66 YEARS OF AGE,683.0,Male
50023,Washington,Washington County,59534,42.3,MALE 65 OR 66 YEARS OF AGE,552.0,Male
50013,Grand Isle,Grand Isle County,6970,45.5,MALE 65 OR 66 YEARS OF AGE,86.0,Male
50015,Lamoille,Lamoille County,24475,39.7,MALE 65 OR 66 YEARS OF AGE,247.0,Male
50017,Orange,Orange County,28936,43.8,MALE 65 OR 66 YEARS OF AGE,293.0,Male
50003,Bennington,Bennington County,37125,45.1,MALE 65 OR 66 YEARS OF AGE,408.0,Male
50019,Orleans,Orleans County,27231,43.7,MALE 65 OR 66 YEARS OF AGE,331.0,Male
50007,Chittenden,Chittenden County,156545,36.2,MALE 65 OR 66 YEARS OF AGE,1197.0,Male
50009,Essex,Essex County,6306,47.4,MALE 67-69 YEARS OF AGE,128.0,Male
50011,Franklin,Franklin County,47746,39.6,MALE 67-69 YEARS OF AGE,540.0,Male
50005,Caledonia,Caledonia County,31227,42.1,MALE 67-69 YEARS OF AGE,430.0,Male
50001,Addison,Addison County,36821,41.3,MALE 67-69 YEARS OF AGE,444.0,Male
50021,Rutland,Rutland County,61642,44.3,MALE 67-69 YEARS OF AGE,882.0,Male
50025,Windham,Windham County,44513,44.9,MALE 67-69 YEARS OF AGE,647.0,Male
50027,Windsor,Windsor County,56670,45.8,MALE 67-69 YEARS OF AGE,949.0,Male
50023,Washington,Washington County,59534,42.3,MALE 67-69 YEARS OF AGE,730.0,Male
50013,Grand Isle,Grand Isle County,6970,45.5,MALE 67-69 YEARS OF AGE,120.0,Male
50015,Lamoille,Lamoille County,24475,39.7,MALE 67-69 YEARS OF AGE,307.0,Male
50017,Orange,Orange County,28936,43.8,MALE 67-69 YEARS OF AGE,430.0,Male
50003,Bennington,Bennington County,37125,45.1,MALE 67-69 YEARS OF AGE,558.0,Male
50019,Orleans,Orleans County,27231,43.7,MALE 67-69 YEARS OF AGE,472.0,Male
50007,Chittenden,Chittenden County,156545,36.2,MALE 67-69 YEARS OF AGE,1444.0,Male
50009,Essex,Essex County,6306,47.4,MALE 70-74 YEARS OF AGE,148.0,Male
50011,Franklin,Franklin County,47746,39.6,MALE 70-74 YEARS OF AGE,626.0,Male
50005,Caledonia,Caledonia County,31227,42.1,MALE 70-74 YEARS OF AGE,500.0,Male
50001,Addison,Addison County,36821,41.3,MALE 70-74 YEARS OF AGE,539.0,Male
50021,Rutland,Rutland County,61642,44.3,MALE 70-74 YEARS OF AGE,1057.0,Male
50025,Windham,Windham County,44513,44.9,MALE 70-74 YEARS OF AGE,772.0,Male
50027,Windsor,Windsor County,56670,45.8,MALE 70-74 YEARS OF AGE,1058.0,Male
50023,Washington,Washington County,59534,42.3,MALE 70-74 YEARS OF AGE,933.0,Male
50013,Grand Isle,Grand Isle County,6970,45.5,MALE 70-74 YEARS OF AGE,128.0,Male
50015,Lamoille,Lamoille County,24475,39.7,MALE 70-74 YEARS OF AGE,372.0,Male
50017,Orange,Orange County,28936,43.8,MALE 70-74 YEARS OF AGE,463.0,Male
50003,Bennington,Bennington County,37125,45.1,MALE 70-74 YEARS OF AGE,706.0,Male
50019,Orleans,Orleans County,27231,43.7,MALE 70-74 YEARS OF AGE,529.0,Male
50007,Chittenden,Chittenden County,156545,36.2,MALE 70-74 YEARS OF AGE,1703.0,Male
50009,Essex,Essex County,6306,47.4,MALE 75-79 YEARS OF AGE,112.0,Male
50011,Franklin,Franklin County,47746,39.6,MALE 75-79 YEARS OF AGE,453.0,Male
50005,Caledonia,Caledonia County,31227,42.1,MALE 75-79 YEARS OF AGE,365.0,Male
50001,Addison,Addison County,36821,41.3,MALE 75-79 YEARS OF AGE,395.0,Male
50021,Rutland,Rutland County,61642,44.3,MALE 75-79 YEARS OF AGE,796.0,Male
50025,Windham,Windham County,44513,44.9,MALE 75-79 YEARS OF AGE,567.0,Male
50027,Windsor,Windsor County,56670,45.8,MALE 75-79 YEARS OF AGE,783.0,Male
50023,Washington,Washington County,59534,42.3,MALE 75-79 YEARS OF AGE,664.0,Male
50013,Grand Isle,Grand Isle County,6970,45.5,MALE 75-79 YEARS OF AGE,76.0,Male
50015,Lamoille,Lamoille County,24475,39.7,MALE 75-79 YEARS OF AGE,279.0,Male
50017,Orange,Orange County,28936,43.8,MALE 75-79 YEARS OF AGE,382.0,Male
50003,Bennington,Bennington County,37125,45.1,MALE 75-79 YEARS OF AGE,576.0,Male
50019,Orleans,Orleans County,27231,43.7,MALE 75-79 YEARS OF AGE,344.0,Male
50007,Chittenden,Chittenden County,156545,36.2,MALE 75-79 YEARS OF AGE,1316.0,Male
50009,Essex,Essex County,6306,47.4,MALE 80-84 YEARS OF AGE,68.0,Male
50011,Franklin,Franklin County,47746,39.6,MALE 80-84 YEARS OF AGE,340.0,Male
50005,Caledonia,Caledonia County,31227,42.1,MALE 80-84 YEARS OF AGE,289.0,Male
50001,Addison,Addison County,36821,41.3,MALE 80-84 YEARS OF AGE,280.0,Male
50021,Rutland,Rutland County,61642,44.3,MALE 80-84 YEARS OF AGE,570.0,Male
50025,Windham,Windham County,44513,44.9,MALE 80-84 YEARS OF AGE,423.0,Male
50027,Windsor,Windsor County,56670,45.8,MALE 80-84 YEARS OF AGE,595.0,Male
50023,Washington,Washington County,59534,42.3,MALE 80-84 YEARS OF AGE,478.0,Male
50013,Grand Isle,Grand Isle County,6970,45.5,MALE 80-84 YEARS OF AGE,39.0,Male
50015,Lamoille,Lamoille County,24475,39.7,MALE 80-84 YEARS OF AGE,192.0,Male
50017,Orange,Orange County,28936,43.8,MALE 80-84 YEARS OF AGE,236.0,Male
50003,Bennington,Bennington County,37125,45.1,MALE 80-84 YEARS OF AGE,443.0,Male
50019,Orleans,Orleans County,27231,43.7,MALE 80-84 YEARS OF AGE,289.0,Male
50007,Chittenden,Chittenden County,156545,36.2,MALE 80-84 YEARS OF AGE,941.0,Male
50009,Essex,Essex County,6306,47.4,MALE 85 YEARS OF AGE AND OVER,43.0,Male
50011,Franklin,Franklin County,47746,39.6,MALE 85 YEARS OF AGE AND OVER,235.0,Male
50005,Caledonia,Caledonia County,31227,42.1,MALE 85 YEARS OF AGE AND OVER,234.0,Male
50001,Addison,Addison County,36821,41.3,MALE 85 YEARS OF AGE AND OVER,250.0,Male
50021,Rutland,Rutland County,61642,44.3,MALE 85 YEARS OF AGE AND OVER,438.0,Male
50025,Windham,Windham County,44513,44.9,MALE 85 YEARS OF AGE AND OVER,332.0,Male
50027,Windsor,Windsor County,56670,45.8,MALE 85 YEARS OF AGE AND OVER,488.0,Male
50023,Washington,Washington County,59534,42.3,MALE 85 YEARS OF AGE AND OVER,367.0,Male
50013,Grand Isle,Grand Isle County,6970,45.5,MALE 85 YEARS OF AGE AND OVER,30.0,Male
50015,Lamoille,Lamoille County,24475,39.7,MALE 85 YEARS OF AGE AND OVER,124.0,Male
50017,Orange,Orange County,28936,43.8,MALE 85 YEARS OF AGE AND OVER,173.0,Male
50003,Bennington,Bennington County,37125,45.1,MALE 85 YEARS OF AGE AND OVER,382.0,Male
50019,Orleans,Orleans County,27231,43.7,MALE 85 YEARS OF AGE AND OVER,236.0,Male
50007,Chittenden,Chittenden County,156545,36.2,MALE 85 YEARS OF AGE AND OVER,771.0,Male
50009,Essex,Essex County,6306,47.4,FEMALE UNDER 5 YEARS OF AGE,122.0,Female
50011,Franklin,Franklin County,47746,39.6,FEMALE UNDER 5 YEARS OF AGE,1426.0,Female
50005,Caledonia,Caledonia County,31227,42.1,FEMALE UNDER 5 YEARS OF AGE,809.0,Female
50001,Addison,Addison County,36821,41.3,FEMALE UNDER 5 YEARS OF AGE,816.0,Female
50021,Rutland,Rutland County,61642,44.3,FEMALE UNDER 5 YEARS OF AGE,1391.0,Female
50025,Windham,Windham County,44513,44.9,FEMALE UNDER 5 YEARS OF AGE,1032.0,Female
50027,Windsor,Windsor County,56670,45.8,FEMALE UNDER 5 YEARS OF AGE,1318.0,Female
50023,Washington,Washington County,59534,42.3,FEMALE UNDER 5 YEARS OF AGE,1561.0,Female
50013,Grand Isle,Grand Isle County,6970,45.5,FEMALE UNDER 5 YEARS OF AGE,169.0,Female
50015,Lamoille,Lamoille County,24475,39.7,FEMALE UNDER 5 YEARS OF AGE,801.0,Female
50017,Orange,Orange County,28936,43.8,FEMALE UNDER 5 YEARS OF AGE,737.0,Female
50003,Bennington,Bennington County,37125,45.1,FEMALE UNDER 5 YEARS OF AGE,882.0,Female
50019,Orleans,Orleans County,27231,43.7,FEMALE UNDER 5 YEARS OF AGE,724.0,Female
50007,Chittenden,Chittenden County,156545,36.2,FEMALE UNDER 5 YEARS OF AGE,3825.0,Female
50009,Essex,Essex County,6306,47.4,FEMALE 5-9 YEARS OF AGE,152.0,Female
50011,Franklin,Franklin County,47746,39.6,FEMALE 5-9 YEARS OF AGE,1559.0,Female
50005,Caledonia,Caledonia County,31227,42.1,FEMALE 5-9 YEARS OF AGE,908.0,Female
50001,Addison,Addison County,36821,41.3,FEMALE 5-9 YEARS OF AGE,916.0,Female
50021,Rutland,Rutland County,61642,44.3,FEMALE 5-9 YEARS OF AGE,1524.0,Female
50025,Windham,Windham County,44513,44.9,FEMALE 5-9 YEARS OF AGE,1124.0,Female
50027,Windsor,Windsor County,56670,45.8,FEMALE 5-9 YEARS OF AGE,1481.0,Female
50023,Washington,Washington County,59534,42.3,FEMALE 5-9 YEARS OF AGE,1661.0,Female
50013,Grand Isle,Grand Isle County,6970,45.5,FEMALE 5-9 YEARS OF AGE,188.0,Female
50015,Lamoille,Lamoille County,24475,39.7,FEMALE 5-9 YEARS OF AGE,709.0,Female
50017,Orange,Orange County,28936,43.8,FEMALE 5-9 YEARS OF AGE,772.0,Female
50003,Bennington,Bennington County,37125,45.1,FEMALE 5-9 YEARS OF AGE,923.0,Female
50019,Orleans,Orleans County,27231,43.7,FEMALE 5-9 YEARS OF AGE,784.0,Female
50007,Chittenden,Chittenden County,156545,36.2,FEMALE 5-9 YEARS OF AGE,4099.0,Female
50009,Essex,Essex County,6306,47.4,FEMALE 10-14 YEARS OF AGE,178.0,Female
50011,Franklin,Franklin County,47746,39.6,FEMALE 10-14 YEARS OF AGE,1700.0,Female
50005,Caledonia,Caledonia County,31227,42.1,FEMALE 10-14 YEARS OF AGE,910.0,Female
50001,Addison,Addison County,36821,41.3,FEMALE 10-14 YEARS OF AGE,1095.0,Female
50021,Rutland,Rutland County,61642,44.3,FEMALE 10-14 YEARS OF AGE,1739.0,Female
50025,Windham,Windham County,44513,44.9,FEMALE 10-14 YEARS OF AGE,1247.0,Female
50027,Windsor,Windsor County,56670,45.8,FEMALE 10-14 YEARS OF AGE,1609.0,Female
50023,Washington,Washington County,59534,42.3,FEMALE 10-14 YEARS OF AGE,1730.0,Female
50013,Grand Isle,Grand Isle County,6970,45.5,FEMALE 10-14 YEARS OF AGE,201.0,Female
50015,Lamoille,Lamoille County,24475,39.7,FEMALE 10-14 YEARS OF AGE,693.0,Female
50017,Orange,Orange County,28936,43.8,FEMALE 10-14 YEARS OF AGE,892.0,Female
50003,Bennington,Bennington County,37125,45.1,FEMALE 10-14 YEARS OF AGE,1075.0,Female
50019,Orleans,Orleans County,27231,43.7,FEMALE 10-14 YEARS OF AGE,845.0,Female
50007,Chittenden,Chittenden County,156545,36.2,FEMALE 10-14 YEARS OF AGE,4372.0,Female
50009,Essex,Essex County,6306,47.4,FEMALE 15-17 YEARS OF AGE,136.0,Female
50011,Franklin,Franklin County,47746,39.6,FEMALE 15-17 YEARS OF AGE,1049.0,Female
50005,Caledonia,Caledonia County,31227,42.1,FEMALE 15-17 YEARS OF AGE,657.0,Female
50001,Addison,Addison County,36821,41.3,FEMALE 15-17 YEARS OF AGE,755.0,Female
50021,Rutland,Rutland County,61642,44.3,FEMALE 15-17 YEARS OF AGE,1086.0,Female
50025,Windham,Windham County,44513,44.9,FEMALE 15-17 YEARS OF AGE,828.0,Female
50027,Windsor,Windsor County,56670,45.8,FEMALE 15-17 YEARS OF AGE,1110.0,Female
50023,Washington,Washington County,59534,42.3,FEMALE 15-17 YEARS OF AGE,1128.0,Female
50013,Grand Isle,Grand Isle County,6970,45.5,FEMALE 15-17 YEARS OF AGE,135.0,Female
50015,Lamoille,Lamoille County,24475,39.7,FEMALE 15-17 YEARS OF AGE,478.0,Female
50017,Orange,Orange County,28936,43.8,FEMALE 15-17 YEARS OF AGE,589.0,Female
50003,Bennington,Bennington County,37125,45.1,FEMALE 15-17 YEARS OF AGE,771.0,Female
50019,Orleans,Orleans County,27231,43.7,FEMALE 15-17 YEARS OF AGE,534.0,Female
50007,Chittenden,Chittenden County,156545,36.2,FEMALE 15-17 YEARS OF AGE,2930.0,Female
50009,Essex,Essex County,6306,47.4,FEMALE 18 OR 19 YEARS OF AGE,67.0,Female
50011,Franklin,Franklin County,47746,39.6,FEMALE 18 OR 19 YEARS OF AGE,473.0,Female
50005,Caledonia,Caledonia County,31227,42.1,FEMALE 18 OR 19 YEARS OF AGE,474.0,Female
50001,Addison,Addison County,36821,41.3,FEMALE 18 OR 19 YEARS OF AGE,878.0,Female
50021,Rutland,Rutland County,61642,44.3,FEMALE 18 OR 19 YEARS OF AGE,959.0,Female
50025,Windham,Windham County,44513,44.9,FEMALE 18 OR 19 YEARS OF AGE,544.0,Female
50027,Windsor,Windsor County,56670,45.8,FEMALE 18 OR 19 YEARS OF AGE,479.0,Female
50023,Washington,Washington County,59534,42.3,FEMALE 18 OR 19 YEARS OF AGE,647.0,Female
50013,Grand Isle,Grand Isle County,6970,45.5,FEMALE 18 OR 19 YEARS OF AGE,65.0,Female
50015,Lamoille,Lamoille County,24475,39.7,FEMALE 18 OR 19 YEARS OF AGE,389.0,Female
50017,Orange,Orange County,28936,43.8,FEMALE 18 OR 19 YEARS OF AGE,332.0,Female
50003,Bennington,Bennington County,37125,45.1,FEMALE 18 OR 19 YEARS OF AGE,564.0,Female
50019,Orleans,Orleans County,27231,43.7,FEMALE 18 OR 19 YEARS OF AGE,274.0,Female
50007,Chittenden,Chittenden County,156545,36.2,FEMALE 18 OR 19 YEARS OF AGE,4022.0,Female
50009,Essex,Essex County,6306,47.4,FEMALE 20 YEARS OF AGE,29.0,Female
50011,Franklin,Franklin County,47746,39.6,FEMALE 20 YEARS OF AGE,227.0,Female
50005,Caledonia,Caledonia County,31227,42.1,FEMALE 20 YEARS OF AGE,217.0,Female
50001,Addison,Addison County,36821,41.3,FEMALE 20 YEARS OF AGE,375.0,Female
50021,Rutland,Rutland County,61642,44.3,FEMALE 20 YEARS OF AGE,502.0,Female
50025,Windham,Windham County,44513,44.9,FEMALE 20 YEARS OF AGE,237.0,Female
50027,Windsor,Windsor County,56670,45.8,FEMALE 20 YEARS OF AGE,192.0,Female
50023,Washington,Washington County,59534,42.3,FEMALE 20 YEARS OF AGE,355.0,Female
50013,Grand Isle,Grand Isle County,6970,45.5,FEMALE 20 YEARS OF AGE,31.0,Female
50015,Lamoille,Lamoille County,24475,39.7,FEMALE 20 YEARS OF AGE,199.0,Female
50017,Orange,Orange County,28936,43.8,FEMALE 20 YEARS OF AGE,136.0,Female
50003,Bennington,Bennington County,37125,45.1,FEMALE 20 YEARS OF AGE,311.0,Female
50019,Orleans,Orleans County,27231,43.7,FEMALE 20 YEARS OF AGE,125.0,Female
50007,Chittenden,Chittenden County,156545,36.2,FEMALE 20 YEARS OF AGE,2076.0,Female
50009,Essex,Essex County,6306,47.4,FEMALE 21 YEARS OF AGE,25.0,Female
50011,Franklin,Franklin County,47746,39.6,FEMALE 21 YEARS OF AGE,238.0,Female
50005,Caledonia,Caledonia County,31227,42.1,FEMALE 21 YEARS OF AGE,197.0,Female
50001,Addison,Addison County,36821,41.3,FEMALE 21 YEARS OF AGE,406.0,Female
50021,Rutland,Rutland County,61642,44.3,FEMALE 21 YEARS OF AGE,434.0,Female
50025,Windham,Windham County,44513,44.9,FEMALE 21 YEARS OF AGE,207.0,Female
50027,Windsor,Windsor County,56670,45.8,FEMALE 21 YEARS OF AGE,210.0,Female
50023,Washington,Washington County,59534,42.3,FEMALE 21 YEARS OF AGE,279.0,Female
50013,Grand Isle,Grand Isle County,6970,45.5,FEMALE 21 YEARS OF AGE,18.0,Female
50015,Lamoille,Lamoille County,24475,39.7,FEMALE 21 YEARS OF AGE,134.0,Female
50017,Orange,Orange County,28936,43.8,FEMALE 21 YEARS OF AGE,126.0,Female
50003,Bennington,Bennington County,37125,45.1,FEMALE 21 YEARS OF AGE,250.0,Female
50019,Orleans,Orleans County,27231,43.7,FEMALE 21 YEARS OF AGE,126.0,Female
50007,Chittenden,Chittenden County,156545,36.2,FEMALE 21 YEARS OF AGE,1998.0,Female
50009,Essex,Essex County,6306,47.4,FEMALE 22-24 YEARS OF AGE,83.0,Female
50011,Franklin,Franklin County,47746,39.6,FEMALE 22-24 YEARS OF AGE,692.0,Female
50005,Caledonia,Caledonia County,31227,42.1,FEMALE 22-24 YEARS OF AGE,511.0,Female
50001,Addison,Addison County,36821,41.3,FEMALE 22-24 YEARS OF AGE,633.0,Female
50021,Rutland,Rutland County,61642,44.3,FEMALE 22-24 YEARS OF AGE,1042.0,Female
50025,Windham,Windham County,44513,44.9,FEMALE 22-24 YEARS OF AGE,731.0,Female
50027,Windsor,Windsor County,56670,45.8,FEMALE 22-24 YEARS OF AGE,860.0,Female
50023,Washington,Washington County,59534,42.3,FEMALE 22-24 YEARS OF AGE,891.0,Female
50013,Grand Isle,Grand Isle County,6970,45.5,FEMALE 22-24 YEARS OF AGE,87.0,Female
50015,Lamoille,Lamoille County,24475,39.7,FEMALE 22-24 YEARS OF AGE,427.0,Female
50017,Orange,Orange County,28936,43.8,FEMALE 22-24 YEARS OF AGE,419.0,Female
50003,Bennington,Bennington County,37125,45.1,FEMALE 22-24 YEARS OF AGE,576.0,Female
50019,Orleans,Orleans County,27231,43.7,FEMALE 22-24 YEARS OF AGE,371.0,Female
50007,Chittenden,Chittenden County,156545,36.2,FEMALE 22-24 YEARS OF AGE,4186.0,Female
50009,Essex,Essex County,6306,47.4,FEMALE 25-29 YEARS OF AGE,131.0,Female
50011,Franklin,Franklin County,47746,39.6,FEMALE 25-29 YEARS OF AGE,1405.0,Female
50005,Caledonia,Caledonia County,31227,42.1,FEMALE 25-29 YEARS OF AGE,757.0,Female
50001,Addison,Addison County,36821,41.3,FEMALE 25-29 YEARS OF AGE,806.0,Female
50021,Rutland,Rutland County,61642,44.3,FEMALE 25-29 YEARS OF AGE,1523.0,Female
50025,Windham,Windham County,44513,44.9,FEMALE 25-29 YEARS OF AGE,1202.0,Female
50027,Windsor,Windsor County,56670,45.8,FEMALE 25-29 YEARS OF AGE,1565.0,Female
50023,Washington,Washington County,59534,42.3,FEMALE 25-29 YEARS OF AGE,1604.0,Female
50013,Grand Isle,Grand Isle County,6970,45.5,FEMALE 25-29 YEARS OF AGE,170.0,Female
50015,Lamoille,Lamoille County,24475,39.7,FEMALE 25-29 YEARS OF AGE,661.0,Female
50017,Orange,Orange County,28936,43.8,FEMALE 25-29 YEARS OF AGE,745.0,Female
50003,Bennington,Bennington County,37125,45.1,FEMALE 25-29 YEARS OF AGE,890.0,Female
50019,Orleans,Orleans County,27231,43.7,FEMALE 25-29 YEARS OF AGE,690.0,Female
50007,Chittenden,Chittenden County,156545,36.2,FEMALE 25-29 YEARS OF AGE,5579.0,Female
50009,Essex,Essex County,6306,47.4,FEMALE 30-34 YEARS OF AGE,135.0,Female
50011,Franklin,Franklin County,47746,39.6,FEMALE 30-34 YEARS OF AGE,1535.0,Female
50005,Caledonia,Caledonia County,31227,42.1,FEMALE 30-34 YEARS OF AGE,806.0,Female
50001,Addison,Addison County,36821,41.3,FEMALE 30-34 YEARS OF AGE,889.0,Female
50021,Rutland,Rutland County,61642,44.3,FEMALE 30-34 YEARS OF AGE,1451.0,Female
50025,Windham,Windham County,44513,44.9,FEMALE 30-34 YEARS OF AGE,1181.0,Female
50027,Windsor,Windsor County,56670,45.8,FEMALE 30-34 YEARS OF AGE,1437.0,Female
50023,Washington,Washington County,59534,42.3,FEMALE 30-34 YEARS OF AGE,1730.0,Female
50013,Grand Isle,Grand Isle County,6970,45.5,FEMALE 30-34 YEARS OF AGE,180.0,Female
50015,Lamoille,Lamoille County,24475,39.7,FEMALE 30-34 YEARS OF AGE,796.0,Female
50017,Orange,Orange County,28936,43.8,FEMALE 30-34 YEARS OF AGE,745.0,Female
50003,Bennington,Bennington County,37125,45.1,FEMALE 30-34 YEARS OF AGE,842.0,Female
50019,Orleans,Orleans County,27231,43.7,FEMALE 30-34 YEARS OF AGE,744.0,Female
50007,Chittenden,Chittenden County,156545,36.2,FEMALE 30-34 YEARS OF AGE,4802.0,Female
50009,Essex,Essex County,6306,47.4,FEMALE 35-39 YEARS OF AGE,170.0,Female
50011,Franklin,Franklin County,47746,39.6,FEMALE 35-39 YEARS OF AGE,1651.0,Female
50005,Caledonia,Caledonia County,31227,42.1,FEMALE 35-39 YEARS OF AGE,924.0,Female
50001,Addison,Addison County,36821,41.3,FEMALE 35-39 YEARS OF AGE,1057.0,Female
50021,Rutland,Rutland County,61642,44.3,FEMALE 35-39 YEARS OF AGE,1694.0,Female
50025,Windham,Windham County,44513,44.9,FEMALE 35-39 YEARS OF AGE,1202.0,Female
50027,Windsor,Windsor County,56670,45.8,FEMALE 35-39 YEARS OF AGE,1554.0,Female
50023,Washington,Washington County,59534,42.3,FEMALE 35-39 YEARS OF AGE,1888.0,Female
50013,Grand Isle,Grand Isle County,6970,45.5,FEMALE 35-39 YEARS OF AGE,217.0,Female
50015,Lamoille,Lamoille County,24475,39.7,FEMALE 35-39 YEARS OF AGE,778.0,Female
50017,Orange,Orange County,28936,43.8,FEMALE 35-39 YEARS OF AGE,863.0,Female
50003,Bennington,Bennington County,37125,45.1,FEMALE 35-39 YEARS OF AGE,940.0,Female
50019,Orleans,Orleans County,27231,43.7,FEMALE 35-39 YEARS OF AGE,763.0,Female
50007,Chittenden,Chittenden County,156545,36.2,FEMALE 35-39 YEARS OF AGE,4675.0,Female
50009,Essex,Essex County,6306,47.4,FEMALE 40-44 YEARS OF AGE,222.0,Female
50011,Franklin,Franklin County,47746,39.6,FEMALE 40-44 YEARS OF AGE,1849.0,Female
50005,Caledonia,Caledonia County,31227,42.1,FEMALE 40-44 YEARS OF AGE,927.0,Female
50001,Addison,Addison County,36821,41.3,FEMALE 40-44 YEARS OF AGE,1311.0,Female
50021,Rutland,Rutland County,61642,44.3,FEMALE 40-44 YEARS OF AGE,2039.0,Female
50025,Windham,Windham County,44513,44.9,FEMALE 40-44 YEARS OF AGE,1503.0,Female
50027,Windsor,Windsor County,56670,45.8,FEMALE 40-44 YEARS OF AGE,1807.0,Female
50023,Washington,Washington County,59534,42.3,FEMALE 40-44 YEARS OF AGE,2144.0,Female
50013,Grand Isle,Grand Isle County,6970,45.5,FEMALE 40-44 YEARS OF AGE,240.0,Female
50015,Lamoille,Lamoille County,24475,39.7,FEMALE 40-44 YEARS OF AGE,820.0,Female
50017,Orange,Orange County,28936,43.8,FEMALE 40-44 YEARS OF AGE,983.0,Female
50003,Bennington,Bennington County,37125,45.1,FEMALE 40-44 YEARS OF AGE,1244.0,Female
50019,Orleans,Orleans County,27231,43.7,FEMALE 40-44 YEARS OF AGE,847.0,Female
50007,Chittenden,Chittenden County,156545,36.2,FEMALE 40-44 YEARS OF AGE,5462.0,Female
50009,Essex,Essex County,6306,47.4,FEMALE 45-49 YEARS OF AGE,253.0,Female
50011,Franklin,Franklin County,47746,39.6,FEMALE 45-49 YEARS OF AGE,2046.0,Female
50005,Caledonia,Caledonia County,31227,42.1,FEMALE 45-49 YEARS OF AGE,1247.0,Female
50001,Addison,Addison County,36821,41.3,FEMALE 45-49 YEARS OF AGE,1451.0,Female
50021,Rutland,Rutland County,61642,44.3,FEMALE 45-49 YEARS OF AGE,2533.0,Female
50025,Windham,Windham County,44513,44.9,FEMALE 45-49 YEARS OF AGE,1947.0,Female
50027,Windsor,Windsor County,56670,45.8,FEMALE 45-49 YEARS OF AGE,2474.0,Female
50023,Washington,Washington County,59534,42.3,FEMALE 45-49 YEARS OF AGE,2407.0,Female
50013,Grand Isle,Grand Isle County,6970,45.5,FEMALE 45-49 YEARS OF AGE,342.0,Female
50015,Lamoille,Lamoille County,24475,39.7,FEMALE 45-49 YEARS OF AGE,989.0,Female
50017,Orange,Orange County,28936,43.8,FEMALE 45-49 YEARS OF AGE,1241.0,Female
50003,Bennington,Bennington County,37125,45.1,FEMALE 45-49 YEARS OF AGE,1527.0,Female
50019,Orleans,Orleans County,27231,43.7,FEMALE 45-49 YEARS OF AGE,1009.0,Female
50007,Chittenden,Chittenden County,156545,36.2,FEMALE 45-49 YEARS OF AGE,6130.0,Female
50009,Essex,Essex County,6306,47.4,FEMALE 50-54 YEARS OF AGE,297.0,Female
50011,Franklin,Franklin County,47746,39.6,FEMALE 50-54 YEARS OF AGE,1978.0,Female
50005,Caledonia,Caledonia County,31227,42.1,FEMALE 50-54 YEARS OF AGE,1309.0,Female
50001,Addison,Addison County,36821,41.3,FEMALE 50-54 YEARS OF AGE,1550.0,Female
50021,Rutland,Rutland County,61642,44.3,FEMALE 50-54 YEARS OF AGE,2738.0,Female
50025,Windham,Windham County,44513,44.9,FEMALE 50-54 YEARS OF AGE,2023.0,Female
50027,Windsor,Windsor County,56670,45.8,FEMALE 50-54 YEARS OF AGE,2596.0,Female
50023,Washington,Washington County,59534,42.3,FEMALE 50-54 YEARS OF AGE,2643.0,Female
50013,Grand Isle,Grand Isle County,6970,45.5,FEMALE 50-54 YEARS OF AGE,321.0,Female
50015,Lamoille,Lamoille County,24475,39.7,FEMALE 50-54 YEARS OF AGE,1024.0,Female
50017,Orange,Orange County,28936,43.8,FEMALE 50-54 YEARS OF AGE,1344.0,Female
50003,Bennington,Bennington County,37125,45.1,FEMALE 50-54 YEARS OF AGE,1585.0,Female
50019,Orleans,Orleans County,27231,43.7,FEMALE 50-54 YEARS OF AGE,1052.0,Female
50007,Chittenden,Chittenden County,156545,36.2,FEMALE 50-54 YEARS OF AGE,6260.0,Female
50009,Essex,Essex County,6306,47.4,FEMALE 55-59 YEARS OF AGE,240.0,Female
50011,Franklin,Franklin County,47746,39.6,FEMALE 55-59 YEARS OF AGE,1745.0,Female
50005,Caledonia,Caledonia County,31227,42.1,FEMALE 55-59 YEARS OF AGE,1354.0,Female
50001,Addison,Addison County,36821,41.3,FEMALE 55-59 YEARS OF AGE,1488.0,Female
50021,Rutland,Rutland County,61642,44.3,FEMALE 55-59 YEARS OF AGE,2579.0,Female
50025,Windham,Windham County,44513,44.9,FEMALE 55-59 YEARS OF AGE,2022.0,Female
50027,Windsor,Windsor County,56670,45.8,FEMALE 55-59 YEARS OF AGE,2497.0,Female
50023,Washington,Washington County,59534,42.3,FEMALE 55-59 YEARS OF AGE,2478.0,Female
50013,Grand Isle,Grand Isle County,6970,45.5,FEMALE 55-59 YEARS OF AGE,351.0,Female
50015,Lamoille,Lamoille County,24475,39.7,FEMALE 55-59 YEARS OF AGE,886.0,Female
50017,Orange,Orange County,28936,43.8,FEMALE 55-59 YEARS OF AGE,1236.0,Female
50003,Bennington,Bennington County,37125,45.1,FEMALE 55-59 YEARS OF AGE,1535.0,Female
50019,Orleans,Orleans County,27231,43.7,FEMALE 55-59 YEARS OF AGE,1124.0,Female
50007,Chittenden,Chittenden County,156545,36.2,FEMALE 55-59 YEARS OF AGE,5299.0,Female
50009,Essex,Essex County,6306,47.4,FEMALE 60 OR 61 YEARS OF AGE,114.0,Female
50011,Franklin,Franklin County,47746,39.6,FEMALE 60 OR 61 YEARS OF AGE,551.0,Female
50005,Caledonia,Caledonia County,31227,42.1,FEMALE 60 OR 61 YEARS OF AGE,476.0,Female
50001,Addison,Addison County,36821,41.3,FEMALE 60 OR 61 YEARS OF AGE,544.0,Female
50021,Rutland,Rutland County,61642,44.3,FEMALE 60 OR 61 YEARS OF AGE,913.0,Female
50025,Windham,Windham County,44513,44.9,FEMALE 60 OR 61 YEARS OF AGE,728.0,Female
50027,Windsor,Windsor County,56670,45.8,FEMALE 60 OR 61 YEARS OF AGE,880.0,Female
50023,Washington,Washington County,59534,42.3,FEMALE 60 OR 61 YEARS OF AGE,925.0,Female
50013,Grand Isle,Grand Isle County,6970,45.5,FEMALE 60 OR 61 YEARS OF AGE,113.0,Female
50015,Lamoille,Lamoille County,24475,39.7,FEMALE 60 OR 61 YEARS OF AGE,306.0,Female
50017,Orange,Orange County,28936,43.8,FEMALE 60 OR 61 YEARS OF AGE,458.0,Female
50003,Bennington,Bennington County,37125,45.1,FEMALE 60 OR 61 YEARS OF AGE,549.0,Female
50019,Orleans,Orleans County,27231,43.7,FEMALE 60 OR 61 YEARS OF AGE,431.0,Female
50007,Chittenden,Chittenden County,156545,36.2,FEMALE 60 OR 61 YEARS OF AGE,1799.0,Female
50009,Essex,Essex County,6306,47.4,FEMALE 62-64 YEARS OF AGE,141.0,Female
50011,Franklin,Franklin County,47746,39.6,FEMALE 62-64 YEARS OF AGE,735.0,Female
50005,Caledonia,Caledonia County,31227,42.1,FEMALE 62-64 YEARS OF AGE,603.0,Female
50001,Addison,Addison County,36821,41.3,FEMALE 62-64 YEARS OF AGE,721.0,Female
50021,Rutland,Rutland County,61642,44.3,FEMALE 62-64 YEARS OF AGE,1303.0,Female
50025,Windham,Windham County,44513,44.9,FEMALE 62-64 YEARS OF AGE,977.0,Female
50027,Windsor,Windsor County,56670,45.8,FEMALE 62-64 YEARS OF AGE,1292.0,Female
50023,Washington,Washington County,59534,42.3,FEMALE 62-64 YEARS OF AGE,1158.0,Female
50013,Grand Isle,Grand Isle County,6970,45.5,FEMALE 62-64 YEARS OF AGE,164.0,Female
50015,Lamoille,Lamoille County,24475,39.7,FEMALE 62-64 YEARS OF AGE,398.0,Female
50017,Orange,Orange County,28936,43.8,FEMALE 62-64 YEARS OF AGE,598.0,Female
50003,Bennington,Bennington County,37125,45.1,FEMALE 62-64 YEARS OF AGE,785.0,Female
50019,Orleans,Orleans County,27231,43.7,FEMALE 62-64 YEARS OF AGE,554.0,Female
50007,Chittenden,Chittenden County,156545,36.2,FEMALE 62-64 YEARS OF AGE,2409.0,Female
50009,Essex,Essex County,6306,47.4,FEMALE 65 OR 66 YEARS OF AGE,87.0,Female
50011,Franklin,Franklin County,47746,39.6,FEMALE 65 OR 66 YEARS OF AGE,447.0,Female
50005,Caledonia,Caledonia County,31227,42.1,FEMALE 65 OR 66 YEARS OF AGE,309.0,Female
50001,Addison,Addison County,36821,41.3,FEMALE 65 OR 66 YEARS OF AGE,327.0,Female
50021,Rutland,Rutland County,61642,44.3,FEMALE 65 OR 66 YEARS OF AGE,750.0,Female
50025,Windham,Windham County,44513,44.9,FEMALE 65 OR 66 YEARS OF AGE,525.0,Female
50027,Windsor,Windsor County,56670,45.8,FEMALE 65 OR 66 YEARS OF AGE,739.0,Female
50023,Washington,Washington County,59534,42.3,FEMALE 65 OR 66 YEARS OF AGE,568.0,Female
50013,Grand Isle,Grand Isle County,6970,45.5,FEMALE 65 OR 66 YEARS OF AGE,76.0,Female
50015,Lamoille,Lamoille County,24475,39.7,FEMALE 65 OR 66 YEARS OF AGE,237.0,Female
50017,Orange,Orange County,28936,43.8,FEMALE 65 OR 66 YEARS OF AGE,332.0,Female
50003,Bennington,Bennington County,37125,45.1,FEMALE 65 OR 66 YEARS OF AGE,477.0,Female
50019,Orleans,Orleans County,27231,43.7,FEMALE 65 OR 66 YEARS OF AGE,345.0,Female
50007,Chittenden,Chittenden County,156545,36.2,FEMALE 65 OR 66 YEARS OF AGE,1295.0,Female
50009,Essex,Essex County,6306,47.4,FEMALE 67-69 YEARS OF AGE,108.0,Female
50011,Franklin,Franklin County,47746,39.6,FEMALE 67-69 YEARS OF AGE,538.0,Female
50005,Caledonia,Caledonia County,31227,42.1,FEMALE 67-69 YEARS OF AGE,422.0,Female
50001,Addison,Addison County,36821,41.3,FEMALE 67-69 YEARS OF AGE,504.0,Female
50021,Rutland,Rutland County,61642,44.3,FEMALE 67-69 YEARS OF AGE,941.0,Female
50025,Windham,Windham County,44513,44.9,FEMALE 67-69 YEARS OF AGE,706.0,Female
50027,Windsor,Windsor County,56670,45.8,FEMALE 67-69 YEARS OF AGE,910.0,Female
50023,Washington,Washington County,59534,42.3,FEMALE 67-69 YEARS OF AGE,804.0,Female
50013,Grand Isle,Grand Isle County,6970,45.5,FEMALE 67-69 YEARS OF AGE,96.0,Female
50015,Lamoille,Lamoille County,24475,39.7,FEMALE 67-69 YEARS OF AGE,319.0,Female
50017,Orange,Orange County,28936,43.8,FEMALE 67-69 YEARS OF AGE,400.0,Female
50003,Bennington,Bennington County,37125,45.1,FEMALE 67-69 YEARS OF AGE,622.0,Female
50019,Orleans,Orleans County,27231,43.7,FEMALE 67-69 YEARS OF AGE,447.0,Female
50007,Chittenden,Chittenden County,156545,36.2,FEMALE 67-69 YEARS OF AGE,1673.0,Female
50009,Essex,Essex County,6306,47.4,FEMALE 70-74 YEARS OF AGE,133.0,Female
50011,Franklin,Franklin County,47746,39.6,FEMALE 70-74 YEARS OF AGE,646.0,Female
50005,Caledonia,Caledonia County,31227,42.1,FEMALE 70-74 YEARS OF AGE,539.0,Female
50001,Addison,Addison County,36821,41.3,FEMALE 70-74 YEARS OF AGE,584.0,Female
50021,Rutland,Rutland County,61642,44.3,FEMALE 70-74 YEARS OF AGE,1222.0,Female
50025,Windham,Windham County,44513,44.9,FEMALE 70-74 YEARS OF AGE,800.0,Female
50027,Windsor,Windsor County,56670,45.8,FEMALE 70-74 YEARS OF AGE,1191.0,Female
50023,Washington,Washington County,59534,42.3,FEMALE 70-74 YEARS OF AGE,1019.0,Female
50013,Grand Isle,Grand Isle County,6970,45.5,FEMALE 70-74 YEARS OF AGE,124.0,Female
50015,Lamoille,Lamoille County,24475,39.7,FEMALE 70-74 YEARS OF AGE,391.0,Female
50017,Orange,Orange County,28936,43.8,FEMALE 70-74 YEARS OF AGE,513.0,Female
50003,Bennington,Bennington County,37125,45.1,FEMALE 70-74 YEARS OF AGE,791.0,Female
50019,Orleans,Orleans County,27231,43.7,FEMALE 70-74 YEARS OF AGE,541.0,Female
50007,Chittenden,Chittenden County,156545,36.2,FEMALE 70-74 YEARS OF AGE,2120.0,Female
50009,Essex,Essex County,6306,47.4,FEMALE 75-79 YEARS OF AGE,130.0,Female
50011,Franklin,Franklin County,47746,39.6,FEMALE 75-79 YEARS OF AGE,598.0,Female
50005,Caledonia,Caledonia County,31227,42.1,FEMALE 75-79 YEARS OF AGE,464.0,Female
50001,Addison,Addison County,36821,41.3,FEMALE 75-79 YEARS OF AGE,454.0,Female
50021,Rutland,Rutland County,61642,44.3,FEMALE 75-79 YEARS OF AGE,1011.0,Female
50025,Windham,Windham County,44513,44.9,FEMALE 75-79 YEARS OF AGE,667.0,Female
50027,Windsor,Windsor County,56670,45.8,FEMALE 75-79 YEARS OF AGE,935.0,Female
50023,Washington,Washington County,59534,42.3,FEMALE 75-79 YEARS OF AGE,890.0,Female
50013,Grand Isle,Grand Isle County,6970,45.5,FEMALE 75-79 YEARS OF AGE,83.0,Female
50015,Lamoille,Lamoille County,24475,39.7,FEMALE 75-79 YEARS OF AGE,287.0,Female
50017,Orange,Orange County,28936,43.8,FEMALE 75-79 YEARS OF AGE,397.0,Female
50003,Bennington,Bennington County,37125,45.1,FEMALE 75-79 YEARS OF AGE,717.0,Female
50019,Orleans,Orleans County,27231,43.7,FEMALE 75-79 YEARS OF AGE,436.0,Female
50007,Chittenden,Chittenden County,156545,36.2,FEMALE 75-79 YEARS OF AGE,1783.0,Female
50009,Essex,Essex County,6306,47.4,FEMALE 80-84 YEARS OF AGE,93.0,Female
50011,Franklin,Franklin County,47746,39.6,FEMALE 80-84 YEARS OF AGE,485.0,Female
50005,Caledonia,Caledonia County,31227,42.1,FEMALE 80-84 YEARS OF AGE,435.0,Female
50001,Addison,Addison County,36821,41.3,FEMALE 80-84 YEARS OF AGE,424.0,Female
50021,Rutland,Rutland County,61642,44.3,FEMALE 80-84 YEARS OF AGE,880.0,Female
50025,Windham,Windham County,44513,44.9,FEMALE 80-84 YEARS OF AGE,562.0,Female
50027,Windsor,Windsor County,56670,45.8,FEMALE 80-84 YEARS OF AGE,773.0,Female
50023,Washington,Washington County,59534,42.3,FEMALE 80-84 YEARS OF AGE,682.0,Female
50013,Grand Isle,Grand Isle County,6970,45.5,FEMALE 80-84 YEARS OF AGE,72.0,Female
50015,Lamoille,Lamoille County,24475,39.7,FEMALE 80-84 YEARS OF AGE,237.0,Female
50017,Orange,Orange County,28936,43.8,FEMALE 80-84 YEARS OF AGE,319.0,Female
50003,Bennington,Bennington County,37125,45.1,FEMALE 80-84 YEARS OF AGE,632.0,Female
50019,Orleans,Orleans County,27231,43.7,FEMALE 80-84 YEARS OF AGE,384.0,Female
50007,Chittenden,Chittenden County,156545,36.2,FEMALE 80-84 YEARS OF AGE,1622.0,Female
50009,Essex,Essex County,6306,47.4,FEMALE 85 YEARS OF AGE AND OVER,72.0,Female
50011,Franklin,Franklin County,47746,39.6,FEMALE 85 YEARS OF AGE AND OVER,485.0,Female
50005,Caledonia,Caledonia County,31227,42.1,FEMALE 85 YEARS OF AGE AND OVER,463.0,Female
50001,Addison,Addison County,36821,41.3,FEMALE 85 YEARS OF AGE AND OVER,473.0,Female
50021,Rutland,Rutland County,61642,44.3,FEMALE 85 YEARS OF AGE AND OVER,1003.0,Female
50025,Windham,Windham County,44513,44.9,FEMALE 85 YEARS OF AGE AND OVER,649.0,Female
50027,Windsor,Windsor County,56670,45.8,FEMALE 85 YEARS OF AGE AND OVER,987.0,Female
50023,Washington,Washington County,59534,42.3,FEMALE 85 YEARS OF AGE AND OVER,930.0,Female
50013,Grand Isle,Grand Isle County,6970,45.5,FEMALE 85 YEARS OF AGE AND OVER,49.0,Female
50015,Lamoille,Lamoille County,24475,39.7,FEMALE 85 YEARS OF AGE AND OVER,272.0,Female
50017,Orange,Orange County,28936,43.8,FEMALE 85 YEARS OF AGE AND OVER,338.0,Female
50003,Bennington,Bennington County,37125,45.1,FEMALE 85 YEARS OF AGE AND OVER,683.0,Female
50019,Orleans,Orleans County,27231,43.7,FEMALE 85 YEARS OF AGE AND OVER,470.0,Female
50007,Chittenden,Chittenden County,156545,36.2,FEMALE 85 YEARS OF AGE AND OVER,1820.0,Female
50009,Essex,Essex County,6306,47.4,MALE TOTAL,3188.0,Male
50011,Franklin,Franklin County,47746,39.6,MALE TOTAL,23688.0,Male
50005,Caledonia,Caledonia County,31227,42.1,MALE TOTAL,15509.0,Male
50001,Addison,Addison County,36821,41.3,MALE TOTAL,18364.0,Male
50021,Rutland,Rutland County,61642,44.3,MALE TOTAL,30385.0,Male
50025,Windham,Windham County,44513,44.9,MALE TOTAL,21869.0,Male
50027,Windsor,Windsor County,56670,45.8,MALE TOTAL,27774.0,Male
50023,Washington,Washington County,59534,42.3,MALE TOTAL,29412.0,Male
50013,Grand Isle,Grand Isle County,6970,45.5,MALE TOTAL,3478.0,Male
50015,Lamoille,Lamoille County,24475,39.7,MALE TOTAL,12244.0,Male
50017,Orange,Orange County,28936,43.8,MALE TOTAL,14421.0,Male
50003,Bennington,Bennington County,37125,45.1,MALE TOTAL,17954.0,Male
50019,Orleans,Orleans County,27231,43.7,MALE TOTAL,13611.0,Male
50007,Chittenden,Chittenden County,156545,36.2,MALE TOTAL,76309.0,Male
50009,Essex,Essex County,6306,47.4,FEMALE TOTAL,3118.0,Female
50011,Franklin,Franklin County,47746,39.6,FEMALE TOTAL,24058.0,Female
50005,Caledonia,Caledonia County,31227,42.1,FEMALE TOTAL,15718.0,Female
50001,Addison,Addison County,36821,41.3,FEMALE TOTAL,18457.0,Female
50021,Rutland,Rutland County,61642,44.3,FEMALE TOTAL,31257.0,Female
50025,Windham,Windham County,44513,44.9,FEMALE TOTAL,22644.0,Female
50027,Windsor,Windsor County,56670,45.8,FEMALE TOTAL,28896.0,Female
50023,Washington,Washington County,59534,42.3,FEMALE TOTAL,30122.0,Female
50013,Grand Isle,Grand Isle County,6970,45.5,FEMALE TOTAL,3492.0,Female
50015,Lamoille,Lamoille County,24475,39.7,FEMALE TOTAL,12231.0,Female
50017,Orange,Orange County,28936,43.8,FEMALE TOTAL,14515.0,Female
50003,Bennington,Bennington County,37125,45.1,FEMALE TOTAL,19171.0,Female
50019,Orleans,Orleans County,27231,43.7,FEMALE TOTAL,13620.0,Female
50007,Chittenden,Chittenden County,156545,36.2,FEMALE TOTAL,80236.0,Female
50009,Essex,Essex County,6306,47.4,MALE - MEDIAN AGE,47.6,Male
50011,Franklin,Franklin County,47746,39.6,MALE - MEDIAN AGE,38.9,Male
50005,Caledonia,Caledonia County,31227,42.1,MALE - MEDIAN AGE,40.4,Male
50001,Addison,Addison County,36821,41.3,MALE - MEDIAN AGE,40.2,Male
50021,Rutland,Rutland County,61642,44.3,MALE - MEDIAN AGE,43.0,Male
50025,Windham,Windham County,44513,44.9,MALE - MEDIAN AGE,43.9,Male
50027,Windsor,Windsor County,56670,45.8,MALE - MEDIAN AGE,44.6,Male
50023,Washington,Washington County,59534,42.3,MALE - MEDIAN AGE,40.7,Male
50013,Grand Isle,Grand Isle County,6970,45.5,MALE - MEDIAN AGE,45.2,Male
50015,Lamoille,Lamoille County,24475,39.7,MALE - MEDIAN AGE,39.2,Male
50017,Orange,Orange County,28936,43.8,MALE - MEDIAN AGE,42.8,Male
50003,Bennington,Bennington County,37125,45.1,MALE - MEDIAN AGE,44.0,Male
50019,Orleans,Orleans County,27231,43.7,MALE - MEDIAN AGE,42.7,Male
50007,Chittenden,Chittenden County,156545,36.2,MALE - MEDIAN AGE,34.9,Male
50009,Essex,Essex County,6306,47.4,FEMALE - MEDIAN AGE,47.0,Female
50011,Franklin,Franklin County,47746,39.6,FEMALE - MEDIAN AGE,40.2,Female
50005,Caledonia,Caledonia County,31227,42.1,FEMALE - MEDIAN AGE,43.9,Female
50001,Addison,Addison County,36821,41.3,FEMALE - MEDIAN AGE,42.3,Female
50021,Rutland,Rutland County,61642,44.3,FEMALE - MEDIAN AGE,45.6,Female
50025,Windham,Windham County,44513,44.9,FEMALE - MEDIAN AGE,45.7,Female
50027,Windsor,Windsor County,56670,45.8,FEMALE - MEDIAN AGE,46.7,Female
50023,Washington,Washington County,59534,42.3,FEMALE - MEDIAN AGE,43.8,Female
50013,Grand Isle,Grand Isle County,6970,45.5,FEMALE - MEDIAN AGE,45.8,Female
50015,Lamoille,Lamoille County,24475,39.7,FEMALE - MEDIAN AGE,40.3,Female
50017,Orange,Orange County,28936,43.8,FEMALE - MEDIAN AGE,44.6,Female
50003,Bennington,Bennington County,37125,45.1,FEMALE - MEDIAN AGE,46.1,Female
50019,Orleans,Orleans County,27231,43.7,FEMALE - MEDIAN AGE,44.9,Female
50007,Chittenden,Chittenden County,156545,36.2,FEMALE - MEDIAN AGE,37.5,Female
