Year,Quarter,NAICS,Industry Title, Female Count , Male  Count ,Female Share, Female Average Wages , Male  Average Wages ,Earnings Ratio
2017,3,11,"Agriculture, Forestry, Fishing and Hunting"," 1,225 "," 3,047 ",28.7%," $4,678 "," $7,275 ",64.3%
2017,3,21,"Mining, Quarrying, and Oil and Gas Extraction", 66 , 593 ,10.0%," $11,972 "," $13,233 ",90.5%
2017,3,22,Utilities, 365 ," 1,100 ",24.9%," $17,032 "," $22,526 ",75.6%
2017,3,23,Construction," 2,094 "," 17,364 ",10.8%," $8,570 "," $10,724 ",79.9%
2017,3,31-33,Manufacturing," 9,312 "," 22,972 ",28.8%," $10,512 "," $13,899 ",75.6%
2017,3,42,Wholesale Trade," 3,923 "," 8,866 ",30.7%," $11,709 "," $13,740 ",85.2%
2017,3,44-45,Retail Trade," 21,207 "," 21,844 ",49.3%," $4,975 "," $7,713 ",64.5%
2017,3,48-49,Transportation and Warehousing," 2,137 "," 5,539 ",27.8%," $6,383 "," $9,545 ",66.9%
2017,3,51,Information," 2,191 "," 2,826 ",43.7%," $10,421 "," $14,120 ",73.8%
2017,3,52,Finance and Insurance," 6,286 "," 3,049 ",67.3%," $12,903 "," $23,817 ",54.2%
2017,3,53,Real Estate and Rental and Leasing," 1,458 "," 2,063 ",41.4%," $8,252 "," $9,316 ",88.6%
2017,3,54,"Professional, Scientific, and Technical Services"," 7,375 "," 8,519 ",46.4%," $12,676 "," $19,997 ",63.4%
2017,3,55,Management of Companies and Enterprises, 420 , 426 ,49.6%," $13,155 "," $21,512 ",61.2%
2017,3,56,Administrative and Support and Waste Management and Remediation Services," 5,863 "," 9,937 ",37.1%," $5,729 "," $7,057 ",81.2%
2017,3,61,Educational Services," 27,884 "," 14,533 ",65.7%," $7,534 "," $9,671 ",77.9%
2017,3,62,Health Care and Social Assistance," 46,180 "," 13,271 ",77.7%," $8,888 "," $13,624 ",65.2%
2017,3,71,"Arts, Entertainment, and Recreation"," 3,534 "," 3,819 ",48.1%," $3,200 "," $4,821 ",66.4%
2017,3,72,Accommodation and Food Services," 23,795 "," 20,546 ",53.7%," $3,726 "," $4,723 ",78.9%
2017,3,81,Other Services (except Public Administration)," 5,166 "," 4,985 ",50.9%," $6,160 "," $8,796 ",70.0%
2017,3,Total,Total," 170,481 "," 165,299 ",50.8%," $7,593 "," $10,680 ",71.1%
2017,2,11,"Agriculture, Forestry, Fishing and Hunting"," 1,128 "," 3,020 ",27.2%," $4,760 "," $7,146 ",66.6%
2017,2,21,"Mining, Quarrying, and Oil and Gas Extraction", 71 , 580 ,10.9%," $10,948 "," $13,220 ",82.8%
2017,2,22,Utilities, 366 ," 1,135 ",24.4%," $17,134 "," $23,241 ",73.7%
2017,2,23,Construction," 2,028 "," 16,869 ",10.7%," $8,066 "," $9,993 ",80.7%
2017,2,31-33,Manufacturing," 9,227 "," 22,958 ",28.7%," $10,769 "," $14,288 ",75.4%
2017,2,42,Wholesale Trade," 3,914 "," 8,927 ",30.5%," $10,752 "," $13,168 ",81.7%
2017,2,44-45,Retail Trade," 21,072 "," 22,118 ",48.8%," $4,901 "," $7,520 ",65.2%
2017,2,48-49,Transportation and Warehousing," 2,095 "," 5,537 ",27.5%," $7,077 "," $9,492 ",74.6%
2017,2,51,Information," 2,277 "," 2,951 ",43.6%," $10,093 "," $13,736 ",73.5%
2017,2,52,Finance and Insurance," 6,451 "," 3,108 ",67.5%," $13,275 "," $24,379 ",54.5%
2017,2,53,Real Estate and Rental and Leasing," 1,434 "," 2,096 ",40.6%," $8,028 "," $8,922 ",90.0%
2017,2,54,"Professional, Scientific, and Technical Services"," 7,567 "," 8,486 ",47.1%," $12,418 "," $19,809 ",62.7%
2017,2,55,Management of Companies and Enterprises, 406 , 426 ,48.8%," $17,549 "," $29,394 ",59.7%
2017,2,56,Administrative and Support and Waste Management and Remediation Services," 5,745 "," 9,957 ",36.6%," $5,792 "," $6,640 ",87.2%
2017,2,61,Educational Services," 29,807 "," 15,139 ",66.3%," $9,497 "," $10,802 ",87.9%
2017,2,62,Health Care and Social Assistance," 45,363 "," 13,009 ",77.7%," $8,835 "," $13,732 ",64.3%
2017,2,71,"Arts, Entertainment, and Recreation"," 3,173 "," 3,463 ",47.8%," $3,025 "," $4,061 ",74.5%
2017,2,72,Accommodation and Food Services," 23,375 "," 21,999 ",51.5%," $3,237 "," $3,942 ",82.1%
2017,2,81,Other Services (except Public Administration)," 5,251 "," 4,999 ",51.2%," $5,970 "," $8,596 ",69.5%
2017,2,Total,Total," 170,750 "," 166,777 ",50.6%," $7,867 "," $10,531 ",74.7%
2017,1,11,"Agriculture, Forestry, Fishing and Hunting", 870 ," 2,646 ",24.7%," $5,079 "," $7,389 ",68.7%
2017,1,21,"Mining, Quarrying, and Oil and Gas Extraction", 65 , 526 ,11.0%," $11,922 "," $13,246 ",90.0%
2017,1,22,Utilities, 360 ," 1,135 ",24.1%," $22,151 "," $27,326 ",81.1%
2017,1,23,Construction," 1,847 "," 14,266 ",11.5%," $8,367 "," $10,085 ",83.0%
2017,1,31-33,Manufacturing," 9,088 "," 22,394 ",28.9%," $10,869 "," $14,584 ",74.5%
2017,1,42,Wholesale Trade," 3,909 "," 8,692 ",31.0%," $11,771 "," $14,270 ",82.5%
2017,1,44-45,Retail Trade," 21,035 "," 21,573 ",49.4%," $4,961 "," $7,623 ",65.1%
2017,1,48-49,Transportation and Warehousing," 2,126 "," 5,370 ",28.4%," $6,876 "," $9,433 ",72.9%
2017,1,51,Information," 2,187 "," 2,851 ",43.4%," $10,934 "," $15,263 ",71.6%
2017,1,52,Finance and Insurance," 6,133 "," 2,976 ",67.3%," $15,092 "," $33,728 ",44.7%
2017,1,53,Real Estate and Rental and Leasing," 1,357 "," 1,863 ",42.1%," $8,150 "," $9,609 ",84.8%
2017,1,54,"Professional, Scientific, and Technical Services"," 7,253 "," 8,088 ",47.3%," $12,980 "," $20,838 ",62.3%
2017,1,55,Management of Companies and Enterprises, 405 , 417 ,49.3%," $16,604 "," $34,354 ",48.3%
2017,1,56,Administrative and Support and Waste Management and Remediation Services," 5,095 "," 8,318 ",38.0%," $5,912 "," $7,142 ",82.8%
2017,1,61,Educational Services," 28,677 "," 14,631 ",66.2%," $8,886 "," $10,711 ",83.0%
2017,1,62,Health Care and Social Assistance," 43,212 "," 12,687 ",77.3%," $8,814 "," $13,514 ",65.2%
2017,1,71,"Arts, Entertainment, and Recreation"," 2,515 "," 2,451 ",50.6%," $3,458 "," $5,600 ",61.7%
2017,1,72,Accommodation and Food Services," 21,709 "," 21,573 ",50.2%," $3,963 "," $4,894 ",81.0%
2017,1,81,Other Services (except Public Administration)," 4,968 "," 4,633 ",51.7%," $6,151 "," $8,964 ",68.6%
2017,1,Total,Total," 162,811 "," 157,090 ",50.9%," $8,058 "," $11,205 ",71.9%
2016,4,11,"Agriculture, Forestry, Fishing and Hunting"," 1,072 "," 2,973 ",26.5%," $5,133 "," $7,359 ",69.8%
2016,4,21,"Mining, Quarrying, and Oil and Gas Extraction", 71 , 622 ,10.2%," $11,902 "," $14,038 ",84.8%
2016,4,22,Utilities, 362 ," 1,146 ",24.0%," $19,024 "," $22,315 ",85.3%
2016,4,23,Construction," 2,030 "," 16,527 ",10.9%," $10,006 "," $11,578 ",86.4%
2016,4,31-33,Manufacturing," 9,446 "," 22,982 ",29.1%," $10,289 "," $13,916 ",73.9%
2016,4,42,Wholesale Trade," 4,079 "," 9,107 ",30.9%," $14,328 "," $15,544 ",92.2%
2016,4,44-45,Retail Trade," 22,597 "," 22,928 ",49.6%," $5,014 "," $8,061 ",62.2%
2016,4,48-49,Transportation and Warehousing," 2,396 "," 6,060 ",28.3%," $6,817 "," $9,392 ",72.6%
2016,4,51,Information," 2,131 "," 2,818 ",43.1%," $10,410 "," $14,450 ",72.0%
2016,4,52,Finance and Insurance," 6,183 "," 2,992 ",67.4%," $14,000 "," $26,967 ",51.9%
2016,4,53,Real Estate and Rental and Leasing," 1,409 "," 2,051 ",40.7%," $9,133 "," $10,201 ",89.5%
2016,4,54,"Professional, Scientific, and Technical Services"," 7,229 "," 8,188 ",46.9%," $14,122 "," $24,286 ",58.1%
2016,4,55,Management of Companies and Enterprises, 412 , 445 ,48.1%," $14,610 "," $25,222 ",57.9%
2016,4,56,Administrative and Support and Waste Management and Remediation Services," 5,505 "," 9,348 ",37.1%," $5,852 "," $6,941 ",84.3%
2016,4,61,Educational Services," 29,168 "," 14,939 ",66.1%," $8,670 "," $10,392 ",83.4%
2016,4,62,Health Care and Social Assistance," 44,998 "," 13,103 ",77.4%," $8,966 "," $14,685 ",61.1%
2016,4,71,"Arts, Entertainment, and Recreation"," 2,715 "," 2,976 ",47.7%," $3,401 "," $4,635 ",73.4%
2016,4,72,Accommodation and Food Services," 22,505 "," 21,746 ",50.9%," $3,478 "," $4,206 ",82.7%
2016,4,81,Other Services (except Public Administration)," 5,113 "," 4,927 ",50.9%," $6,154 "," $9,173 ",67.1%
2016,4,Total,Total," 169,421 "," 165,878 ",50.5%," $8,004 "," $11,250 ",71.2%
2016,3,11,"Agriculture, Forestry, Fishing and Hunting"," 1,248 "," 3,109 ",28.6%," $4,504 "," $7,071 ",63.7%
2016,3,21,"Mining, Quarrying, and Oil and Gas Extraction", 71 , 653 ,9.8%," $11,213 "," $13,045 ",86.0%
2016,3,22,Utilities, 367 ," 1,135 ",24.4%," $16,834 "," $22,790 ",73.9%
2016,3,23,Construction," 2,101 "," 17,817 ",10.5%," $8,430 "," $10,762 ",78.3%
2016,3,31-33,Manufacturing," 9,375 "," 23,019 ",28.9%," $10,479 "," $14,132 ",74.1%
2016,3,42,Wholesale Trade," 4,185 "," 9,221 ",31.2%," $11,475 "," $14,091 ",81.4%
2016,3,44-45,Retail Trade," 22,778 "," 23,054 ",49.7%," $4,891 "," $7,579 ",64.5%
2016,3,48-49,Transportation and Warehousing," 2,183 "," 5,533 ",28.3%," $6,323 "," $9,636 ",65.6%
2016,3,51,Information," 2,341 "," 3,010 ",43.7%," $10,167 "," $13,496 ",75.3%
2016,3,52,Finance and Insurance," 6,293 "," 3,045 ",67.4%," $13,147 "," $24,116 ",54.5%
2016,3,53,Real Estate and Rental and Leasing," 1,422 "," 2,139 ",39.9%," $8,260 "," $9,261 ",89.2%
2016,3,54,"Professional, Scientific, and Technical Services"," 7,336 "," 8,387 ",46.7%," $12,611 "," $19,850 ",63.5%
2016,3,55,Management of Companies and Enterprises, 412 , 447 ,48.0%," $14,430 "," $25,874 ",55.8%
2016,3,56,Administrative and Support and Waste Management and Remediation Services," 5,875 "," 10,126 ",36.7%," $5,665 "," $6,874 ",82.4%
2016,3,61,Educational Services," 29,670 "," 15,329 ",65.9%," $7,417 "," $9,694 ",76.5%
2016,3,62,Health Care and Social Assistance," 46,552 "," 13,521 ",77.5%," $8,862 "," $13,665 ",64.9%
2016,3,71,"Arts, Entertainment, and Recreation"," 3,509 "," 3,758 ",48.3%," $3,283 "," $5,063 ",64.8%
2016,3,72,Accommodation and Food Services," 23,800 "," 20,178 ",54.1%," $3,716 "," $4,752 ",78.2%
2016,3,81,Other Services (except Public Administration)," 5,487 "," 5,211 ",51.3%," $5,955 "," $8,628 ",69.0%
2016,3,Total,Total," 175,005 "," 168,692 ",50.9%," $7,526 "," $10,707 ",70.3%
2016,2,11,"Agriculture, Forestry, Fishing and Hunting"," 1,087 "," 3,034 ",26.4%," $4,782 "," $6,867 ",69.6%
2016,2,21,"Mining, Quarrying, and Oil and Gas Extraction", 71 , 638 ,10.0%," $10,548 "," $12,049 ",87.5%
2016,2,22,Utilities, 380 ," 1,271 ",23.0%," $19,028 "," $25,231 ",75.4%
2016,2,23,Construction," 2,052 "," 17,211 ",10.7%," $7,789 "," $9,660 ",80.6%
2016,2,31-33,Manufacturing," 9,271 "," 22,929 ",28.8%," $10,121 "," $13,719 ",73.8%
2016,2,42,Wholesale Trade," 4,121 "," 9,304 ",30.7%," $10,920 "," $13,148 ",83.1%
2016,2,44-45,Retail Trade," 22,337 "," 22,919 ",49.4%," $4,706 "," $7,244 ",65.0%
2016,2,48-49,Transportation and Warehousing," 2,110 "," 5,546 ",27.6%," $6,764 "," $9,215 ",73.4%
2016,2,51,Information," 2,258 "," 2,932 ",43.5%," $10,165 "," $13,863 ",73.3%
2016,2,52,Finance and Insurance," 6,308 "," 3,016 ",67.7%," $12,378 "," $22,914 ",54.0%
2016,2,53,Real Estate and Rental and Leasing," 1,406 "," 2,118 ",39.9%," $7,442 "," $8,361 ",89.0%
2016,2,54,"Professional, Scientific, and Technical Services"," 7,483 "," 8,360 ",47.2%," $11,856 "," $19,109 ",62.0%
2016,2,55,Management of Companies and Enterprises, 415 , 459 ,47.5%," $17,072 "," $30,540 ",55.9%
2016,2,56,Administrative and Support and Waste Management and Remediation Services," 5,764 "," 9,746 ",37.2%," $5,372 "," $6,194 ",86.7%
2016,2,61,Educational Services," 31,141 "," 15,583 ",66.6%," $9,361 "," $10,506 ",89.1%
2016,2,62,Health Care and Social Assistance," 45,465 "," 13,242 ",77.4%," $8,798 "," $13,726 ",64.1%
2016,2,71,"Arts, Entertainment, and Recreation"," 2,984 "," 3,295 ",47.5%," $3,023 "," $4,153 ",72.8%
2016,2,72,Accommodation and Food Services," 22,527 "," 20,839 ",51.9%," $3,128 "," $3,888 ",80.4%
2016,2,81,Other Services (except Public Administration)," 5,412 "," 5,170 ",51.1%," $5,856 "," $8,314 ",70.4%
2016,2,Total,Total," 172,592 "," 167,612 ",50.7%," $7,696 "," $10,295 ",74.8%
2016,1,11,"Agriculture, Forestry, Fishing and Hunting", 824 ," 2,613 ",24.0%," $4,869 "," $6,967 ",69.9%
2016,1,21,"Mining, Quarrying, and Oil and Gas Extraction", 70 , 577 ,10.8%," $10,989 "," $12,343 ",89.0%
2016,1,22,Utilities, 383 ," 1,321 ",22.5%," $22,581 "," $27,138 ",83.2%
2016,1,23,Construction," 1,850 "," 14,516 ",11.3%," $7,747 "," $9,503 ",81.5%
2016,1,31-33,Manufacturing," 9,323 "," 22,787 ",29.0%," $9,969 "," $13,670 ",72.9%
2016,1,42,Wholesale Trade," 3,987 "," 8,990 ",30.7%," $11,512 "," $13,582 ",84.8%
2016,1,44-45,Retail Trade," 21,377 "," 21,937 ",49.4%," $4,703 "," $7,206 ",65.3%
2016,1,48-49,Transportation and Warehousing," 2,078 "," 5,369 ",27.9%," $6,346 "," $8,918 ",71.2%
2016,1,51,Information," 2,236 "," 2,904 ",43.5%," $10,341 "," $14,023 ",73.7%
2016,1,52,Finance and Insurance," 6,205 "," 2,945 ",67.8%," $13,873 "," $30,333 ",45.7%
2016,1,53,Real Estate and Rental and Leasing," 1,344 "," 1,816 ",42.5%," $7,652 "," $9,176 ",83.4%
2016,1,54,"Professional, Scientific, and Technical Services"," 7,126 "," 7,959 ",47.2%," $12,047 "," $19,881 ",60.6%
2016,1,55,Management of Companies and Enterprises, 409 , 457 ,47.2%," $13,900 "," $31,789 ",43.7%
2016,1,56,Administrative and Support and Waste Management and Remediation Services," 5,139 "," 8,070 ",38.9%," $5,474 "," $6,518 ",84.0%
2016,1,61,Educational Services," 29,613 "," 14,951 ",66.5%," $8,290 "," $9,842 ",84.2%
2016,1,62,Health Care and Social Assistance," 44,342 "," 12,844 ",77.5%," $8,344 "," $13,041 ",64.0%
2016,1,71,"Arts, Entertainment, and Recreation"," 2,414 "," 2,477 ",49.4%," $3,413 "," $5,362 ",63.7%
2016,1,72,Accommodation and Food Services," 21,201 "," 20,923 ",50.3%," $3,634 "," $4,558 ",79.7%
2016,1,81,Other Services (except Public Administration)," 5,072 "," 4,836 ",51.2%," $5,862 "," $8,530 ",68.7%
2016,1,Total,Total," 164,993 "," 158,292 ",51.0%," $7,576 "," $10,584 ",71.6%
2015,4,11,"Agriculture, Forestry, Fishing and Hunting"," 1,041 "," 2,878 ",26.6%," $5,347 "," $7,598 ",70.4%
2015,4,21,"Mining, Quarrying, and Oil and Gas Extraction", 76 , 629 ,10.8%," $11,925 "," $13,829 ",86.2%
2015,4,22,Utilities, 394 ," 1,314 ",23.1%," $19,862 "," $23,262 ",85.4%
2015,4,23,Construction," 2,020 "," 16,883 ",10.7%," $9,828 "," $11,562 ",85.0%
2015,4,31-33,Manufacturing," 9,937 "," 23,597 ",29.6%," $10,370 "," $14,501 ",71.5%
2015,4,42,Wholesale Trade," 4,258 "," 9,346 ",31.3%," $12,510 "," $15,531 ",80.6%
2015,4,44-45,Retail Trade," 22,881 "," 23,023 ",49.8%," $5,018 "," $8,258 ",60.8%
2015,4,48-49,Transportation and Warehousing," 2,390 "," 6,003 ",28.5%," $6,852 "," $9,875 ",69.4%
2015,4,51,Information," 2,256 "," 2,965 ",43.2%," $10,778 "," $15,010 ",71.8%
2015,4,52,Finance and Insurance," 6,288 "," 2,988 ",67.8%," $13,802 "," $26,815 ",51.5%
2015,4,53,Real Estate and Rental and Leasing," 1,387 "," 2,020 ",40.7%," $8,860 "," $10,028 ",88.4%
2015,4,54,"Professional, Scientific, and Technical Services"," 7,154 "," 8,167 ",46.7%," $14,247 "," $25,429 ",56.0%
2015,4,55,Management of Companies and Enterprises, 444 , 526 ,45.8%," $13,186 "," $21,660 ",60.9%
2015,4,56,Administrative and Support and Waste Management and Remediation Services," 5,732 "," 9,216 ",38.3%," $5,620 "," $6,893 ",81.5%
2015,4,61,Educational Services," 30,277 "," 15,291 ",66.4%," $8,884 "," $10,409 ",85.3%
2015,4,62,Health Care and Social Assistance," 45,605 "," 12,894 ",78.0%," $9,273 "," $15,775 ",58.8%
2015,4,71,"Arts, Entertainment, and Recreation"," 2,733 "," 2,989 ",47.8%," $3,359 "," $4,671 ",71.9%
2015,4,72,Accommodation and Food Services," 22,488 "," 21,369 ",51.3%," $3,439 "," $4,281 ",80.3%
2015,4,81,Other Services (except Public Administration)," 5,278 "," 5,043 ",51.1%," $6,165 "," $9,141 ",67.4%
2015,4,Total,Total," 172,639 "," 167,141 ",50.8%," $8,086 "," $11,575 ",69.9%
2015,3,11,"Agriculture, Forestry, Fishing and Hunting"," 1,211 "," 3,046 ",28.4%," $4,429 "," $6,812 ",65.0%
2015,3,21,"Mining, Quarrying, and Oil and Gas Extraction", 84 , 641 ,11.6%," $10,302 "," $12,473 ",82.6%
2015,3,22,Utilities, 411 ," 1,349 ",23.4%," $16,420 "," $21,917 ",74.9%
2015,3,23,Construction," 2,054 "," 17,771 ",10.4%," $7,884 "," $10,107 ",78.0%
2015,3,31-33,Manufacturing," 10,172 "," 25,811 ",28.3%," $9,420 "," $12,416 ",75.9%
2015,3,42,Wholesale Trade," 4,269 "," 9,357 ",31.3%," $10,592 "," $12,896 ",82.1%
2015,3,44-45,Retail Trade," 22,680 "," 22,823 ",49.8%," $4,717 "," $7,446 ",63.4%
2015,3,48-49,Transportation and Warehousing," 2,146 "," 5,561 ",27.8%," $6,296 "," $9,205 ",68.4%
2015,3,51,Information," 2,301 "," 2,977 ",43.6%," $10,097 "," $13,663 ",73.9%
2015,3,52,Finance and Insurance," 6,342 "," 3,000 ",67.9%," $12,363 "," $23,589 ",52.4%
2015,3,53,Real Estate and Rental and Leasing," 1,382 "," 2,135 ",39.3%," $7,817 "," $8,787 ",89.0%
2015,3,54,"Professional, Scientific, and Technical Services"," 7,804 "," 10,550 ",42.5%," $12,004 "," $18,108 ",66.3%
2015,3,55,Management of Companies and Enterprises, 436 , 490 ,47.1%," $12,596 "," $22,270 ",56.6%
2015,3,56,Administrative and Support and Waste Management and Remediation Services," 6,450 "," 9,924 ",39.4%," $4,870 "," $6,311 ",77.2%
2015,3,61,Educational Services," 29,436 "," 15,111 ",66.1%," $6,794 "," $8,841 ",76.8%
2015,3,62,Health Care and Social Assistance," 45,669 "," 13,082 ",77.7%," $8,292 "," $13,026 ",63.7%
2015,3,71,"Arts, Entertainment, and Recreation"," 3,255 "," 3,510 ",48.1%," $3,056 "," $4,989 ",61.3%
2015,3,72,Accommodation and Food Services," 23,201 "," 19,690 ",54.1%," $3,483 "," $4,483 ",77.7%
2015,3,81,Other Services (except Public Administration)," 5,540 "," 5,111 ",52.0%," $5,605 "," $8,256 ",67.9%
2015,3,Total,Total," 174,843 "," 171,939 ",50.4%," $7,059 "," $10,160 ",69.5%
2015,2,11,"Agriculture, Forestry, Fishing and Hunting"," 1,041 "," 2,992 ",25.8%," $4,545 "," $6,559 ",69.3%
2015,2,21,"Mining, Quarrying, and Oil and Gas Extraction", 76 , 644 ,10.6%," $10,312 "," $11,740 ",87.8%
2015,2,22,Utilities, 415 ," 1,387 ",23.0%," $16,405 "," $21,112 ",77.7%
2015,2,23,Construction," 1,972 "," 16,996 ",10.4%," $7,381 "," $9,188 ",80.3%
2015,2,31-33,Manufacturing," 9,368 "," 23,435 ",28.6%," $9,821 "," $13,290 ",73.9%
2015,2,42,Wholesale Trade," 4,279 "," 9,421 ",31.2%," $10,748 "," $13,062 ",82.3%
2015,2,44-45,Retail Trade," 22,369 "," 22,729 ",49.6%," $4,493 "," $7,096 ",63.3%
2015,2,48-49,Transportation and Warehousing," 2,004 "," 5,485 ",26.8%," $6,622 "," $8,959 ",73.9%
2015,2,51,Information," 2,316 "," 2,976 ",43.8%," $9,911 "," $13,676 ",72.5%
2015,2,52,Finance and Insurance," 6,342 "," 2,956 ",68.2%," $12,116 "," $22,941 ",52.8%
2015,2,53,Real Estate and Rental and Leasing," 1,382 "," 2,069 ",40.0%," $7,217 "," $8,176 ",88.3%
2015,2,54,"Professional, Scientific, and Technical Services"," 7,267 "," 8,176 ",47.1%," $11,583 "," $18,807 ",61.6%
2015,2,55,Management of Companies and Enterprises, 431 , 502 ,46.2%," $12,994 "," $26,146 ",49.7%
2015,2,56,Administrative and Support and Waste Management and Remediation Services," 5,678 "," 9,426 ",37.6%," $5,210 "," $6,057 ",86.0%
2015,2,61,Educational Services," 31,317 "," 15,804 ",66.5%," $9,241 "," $10,364 ",89.2%
2015,2,62,Health Care and Social Assistance," 44,652 "," 12,836 ",77.7%," $8,447 "," $13,374 ",63.2%
2015,2,71,"Arts, Entertainment, and Recreation"," 2,961 "," 3,419 ",46.4%," $2,903 "," $3,718 ",78.1%
2015,2,72,Accommodation and Food Services," 22,926 "," 21,800 ",51.3%," $2,996 "," $3,701 ",81.0%
2015,2,81,Other Services (except Public Administration)," 5,377 "," 5,117 ",51.2%," $5,740 "," $8,165 ",70.3%
2015,2,Total,Total," 172,173 "," 168,170 ",50.6%," $7,449 "," $9,976 ",74.7%
2015,1,11,"Agriculture, Forestry, Fishing and Hunting", 784 ," 2,605 ",23.1%," $4,734 "," $6,683 ",70.8%
2015,1,21,"Mining, Quarrying, and Oil and Gas Extraction", 69 , 559 ,11.0%," $10,700 "," $12,263 ",87.2%
2015,1,22,Utilities, 440 ," 1,526 ",22.4%," $30,158 "," $51,293 ",58.8%
2015,1,23,Construction," 1,816 "," 14,141 ",11.4%," $7,365 "," $9,160 ",80.4%
2015,1,31-33,Manufacturing," 9,526 "," 23,237 ",29.1%," $9,782 "," $13,755 ",71.1%
2015,1,42,Wholesale Trade," 4,169 "," 9,197 ",31.2%," $10,905 "," $13,177 ",82.8%
2015,1,44-45,Retail Trade," 21,606 "," 21,557 ",50.1%," $4,549 "," $7,203 ",63.2%
2015,1,48-49,Transportation and Warehousing," 2,081 "," 5,568 ",27.2%," $6,106 "," $8,553 ",71.4%
2015,1,51,Information," 2,268 "," 2,925 ",43.7%," $9,629 "," $13,079 ",73.6%
2015,1,52,Finance and Insurance," 6,357 "," 2,883 ",68.8%," $13,849 "," $31,171 ",44.4%
2015,1,53,Real Estate and Rental and Leasing," 1,381 "," 1,791 ",43.5%," $7,169 "," $9,165 ",78.2%
2015,1,54,"Professional, Scientific, and Technical Services"," 7,087 "," 7,807 ",47.6%," $11,675 "," $19,474 ",60.0%
2015,1,55,Management of Companies and Enterprises, 418 , 491 ,46.0%," $12,681 "," $25,877 ",49.0%
2015,1,56,Administrative and Support and Waste Management and Remediation Services," 5,020 "," 7,671 ",39.6%," $5,369 "," $6,366 ",84.3%
2015,1,61,Educational Services," 29,843 "," 15,104 ",66.4%," $8,166 "," $9,828 ",83.1%
2015,1,62,Health Care and Social Assistance," 43,666 "," 12,471 ",77.8%," $8,060 "," $12,677 ",63.6%
2015,1,71,"Arts, Entertainment, and Recreation"," 2,365 "," 2,421 ",49.4%," $3,447 "," $5,141 ",67.0%
2015,1,72,Accommodation and Food Services," 21,082 "," 21,180 ",49.9%," $3,690 "," $4,531 ",81.4%
2015,1,81,Other Services (except Public Administration)," 5,106 "," 4,715 ",52.0%," $5,638 "," $8,137 ",69.3%
2015,1,Total,Total," 165,084 "," 157,849 ",51.1%," $7,426 "," $10,689 ",69.5%
2014,4,11,"Agriculture, Forestry, Fishing and Hunting", 987 ," 2,823 ",25.9%," $5,369 "," $7,107 ",75.5%
2014,4,21,"Mining, Quarrying, and Oil and Gas Extraction", 69 , 607 ,10.2%," $11,744 "," $13,076 ",89.8%
2014,4,22,Utilities, 444 ," 1,549 ",22.3%," $20,716 "," $26,378 ",78.5%
2014,4,23,Construction," 1,993 "," 16,756 ",10.6%," $9,210 "," $11,038 ",83.4%
2014,4,31-33,Manufacturing," 9,790 "," 24,005 ",29.0%," $9,875 "," $13,879 ",71.2%
2014,4,42,Wholesale Trade," 4,304 "," 9,341 ",31.5%," $12,428 "," $15,726 ",79.0%
2014,4,44-45,Retail Trade," 23,115 "," 22,576 ",50.6%," $4,868 "," $7,944 ",61.3%
2014,4,48-49,Transportation and Warehousing," 2,278 "," 5,949 ",27.7%," $6,669 "," $9,596 ",69.5%
2014,4,51,Information," 2,308 "," 2,991 ",43.6%," $10,499 "," $13,705 ",76.6%
2014,4,52,Finance and Insurance," 6,406 "," 2,885 ",68.9%," $12,543 "," $25,842 ",48.5%
2014,4,53,Real Estate and Rental and Leasing," 1,416 "," 2,005 ",41.4%," $8,102 "," $10,107 ",80.2%
2014,4,54,"Professional, Scientific, and Technical Services"," 6,977 "," 7,953 ",46.7%," $13,595 "," $23,370 ",58.2%
2014,4,55,Management of Companies and Enterprises, 410 , 493 ,45.4%," $11,734 "," $21,830 ",53.8%
2014,4,56,Administrative and Support and Waste Management and Remediation Services," 5,484 "," 8,909 ",38.1%," $5,260 "," $6,536 ",80.5%
2014,4,61,Educational Services," 30,858 "," 15,535 ",66.5%," $8,334 "," $9,955 ",83.7%
2014,4,62,Health Care and Social Assistance," 44,276 "," 12,563 ",77.9%," $8,945 "," $15,218 ",58.8%
2014,4,71,"Arts, Entertainment, and Recreation"," 2,705 "," 2,916 ",48.1%," $3,270 "," $4,741 ",69.0%
2014,4,72,Accommodation and Food Services," 21,505 "," 21,134 ",50.4%," $3,221 "," $3,968 ",81.2%
2014,4,81,Other Services (except Public Administration)," 5,255 "," 4,918 ",51.7%," $5,819 "," $8,680 ",67.0%
2014,4,Total,Total," 170,580 "," 165,908 ",50.7%," $7,727 "," $11,134 ",69.4%
2014,3,11,"Agriculture, Forestry, Fishing and Hunting"," 1,200 "," 2,968 ",28.8%," $4,206 "," $6,384 ",65.9%
2014,3,21,"Mining, Quarrying, and Oil and Gas Extraction", 77 , 656 ,10.5%," $10,029 "," $11,721 ",85.6%
2014,3,22,Utilities, 447 ," 1,544 ",22.5%," $17,256 "," $23,395 ",73.8%
2014,3,23,Construction," 2,064 "," 17,439 ",10.6%," $7,577 "," $9,928 ",76.3%
2014,3,31-33,Manufacturing," 9,229 "," 23,938 ",27.8%," $10,289 "," $13,667 ",75.3%
2014,3,42,Wholesale Trade," 3,956 "," 9,190 ",30.1%," $10,373 "," $12,598 ",82.3%
2014,3,44-45,Retail Trade," 22,961 "," 22,410 ",50.6%," $4,478 "," $7,198 ",62.2%
2014,3,48-49,Transportation and Warehousing," 2,048 "," 5,601 ",26.8%," $6,245 "," $8,846 ",70.6%
2014,3,51,Information," 2,360 "," 3,020 ",43.9%," $9,480 "," $13,123 ",72.2%
2014,3,52,Finance and Insurance," 6,450 "," 2,927 ",68.8%," $11,672 "," $22,844 ",51.1%
2014,3,53,Real Estate and Rental and Leasing," 1,438 "," 2,126 ",40.3%," $7,342 "," $8,505 ",86.3%
2014,3,54,"Professional, Scientific, and Technical Services"," 7,047 "," 8,048 ",46.7%," $11,312 "," $18,017 ",62.8%
2014,3,55,Management of Companies and Enterprises, 380 , 447 ,45.9%," $14,067 "," $28,471 ",49.4%
2014,3,56,Administrative and Support and Waste Management and Remediation Services," 5,517 "," 9,311 ",37.2%," $5,038 "," $6,028 ",83.6%
2014,3,61,Educational Services," 29,979 "," 15,572 ",65.8%," $6,477 "," $8,743 ",74.1%
2014,3,62,Health Care and Social Assistance," 45,596 "," 12,725 ",78.2%," $7,982 "," $12,522 ",63.7%
2014,3,71,"Arts, Entertainment, and Recreation"," 3,256 "," 3,572 ",47.7%," $3,037 "," $4,349 ",69.8%
2014,3,72,Accommodation and Food Services," 22,977 "," 19,218 ",54.5%," $3,340 "," $4,387 ",76.1%
2014,3,81,Other Services (except Public Administration)," 5,604 "," 5,102 ",52.3%," $5,380 "," $8,017 ",67.1%
2014,3,Total,Total," 172,586 "," 165,814 ",51.0%," $6,818 "," $10,038 ",67.9%
2014,2,11,"Agriculture, Forestry, Fishing and Hunting"," 1,043 "," 2,838 ",26.9%," $4,292 "," $6,280 ",68.3%
2014,2,21,"Mining, Quarrying, and Oil and Gas Extraction", 73 , 628 ,10.4%," $10,446 "," $11,830 ",88.3%
2014,2,22,Utilities, 451 ," 1,537 ",22.7%," $16,479 "," $21,706 ",75.9%
2014,2,23,Construction," 1,984 "," 16,434 ",10.8%," $7,048 "," $9,039 ",78.0%
2014,2,31-33,Manufacturing," 9,205 "," 23,833 ",27.9%," $9,973 "," $13,233 ",75.4%
2014,2,42,Wholesale Trade," 3,918 "," 9,088 ",30.1%," $10,820 "," $12,752 ",84.9%
2014,2,44-45,Retail Trade," 22,330 "," 22,251 ",50.1%," $4,367 "," $6,958 ",62.8%
2014,2,48-49,Transportation and Warehousing," 2,025 "," 5,534 ",26.8%," $6,345 "," $8,879 ",71.5%
2014,2,51,Information," 2,372 "," 3,045 ",43.8%," $9,603 "," $13,248 ",72.5%
2014,2,52,Finance and Insurance," 6,384 "," 2,872 ",69.0%," $11,537 "," $22,072 ",52.3%
2014,2,53,Real Estate and Rental and Leasing," 1,426 "," 2,102 ",40.4%," $7,065 "," $8,085 ",87.4%
2014,2,54,"Professional, Scientific, and Technical Services"," 7,073 "," 7,974 ",47.0%," $11,397 "," $18,192 ",62.6%
2014,2,55,Management of Companies and Enterprises, 371 , 437 ,45.9%," $13,934 "," $27,577 ",50.5%
2014,2,56,Administrative and Support and Waste Management and Remediation Services," 5,454 "," 9,326 ",36.9%," $4,974 "," $5,637 ",88.2%
2014,2,61,Educational Services," 31,708 "," 16,233 ",66.1%," $8,903 "," $10,106 ",88.1%
2014,2,62,Health Care and Social Assistance," 44,259 "," 12,494 ",78.0%," $8,220 "," $12,828 ",64.1%
2014,2,71,"Arts, Entertainment, and Recreation"," 2,892 "," 3,275 ",46.9%," $2,849 "," $3,838 ",74.2%
2014,2,72,Accommodation and Food Services," 22,831 "," 21,291 ",51.7%," $2,865 "," $3,557 ",80.5%
2014,2,81,Other Services (except Public Administration)," 5,451 "," 5,099 ",51.7%," $5,396 "," $7,870 ",68.6%
2014,2,Total,Total," 171,250 "," 166,291 ",50.7%," $7,240 "," $9,775 ",74.1%
2014,1,11,"Agriculture, Forestry, Fishing and Hunting", 777 ," 2,409 ",24.4%," $4,664 "," $6,573 ",71.0%
2014,1,21,"Mining, Quarrying, and Oil and Gas Extraction", 71 , 534 ,11.7%," $10,677 "," $12,399 ",86.1%
2014,1,22,Utilities, 456 ," 1,574 ",22.5%," $22,677 "," $29,806 ",76.1%
2014,1,23,Construction," 1,783 "," 13,708 ",11.5%," $7,091 "," $9,003 ",78.8%
2014,1,31-33,Manufacturing," 9,424 "," 23,567 ",28.6%," $10,182 "," $13,961 ",72.9%
2014,1,42,Wholesale Trade," 3,796 "," 8,663 ",30.5%," $11,463 "," $13,377 ",85.7%
2014,1,44-45,Retail Trade," 21,642 "," 21,443 ",50.2%," $4,511 "," $7,128 ",63.3%
2014,1,48-49,Transportation and Warehousing," 2,189 "," 5,652 ",27.9%," $6,126 "," $8,468 ",72.3%
2014,1,51,Information," 2,297 "," 2,993 ",43.4%," $10,134 "," $13,798 ",73.4%
2014,1,52,Finance and Insurance," 6,339 "," 2,828 ",69.2%," $13,268 "," $29,566 ",44.9%
2014,1,53,Real Estate and Rental and Leasing," 1,366 "," 1,823 ",42.8%," $7,350 "," $8,924 ",82.4%
2014,1,54,"Professional, Scientific, and Technical Services"," 6,890 "," 7,602 ",47.5%," $11,456 "," $18,351 ",62.4%
2014,1,55,Management of Companies and Enterprises, 368 , 440 ,45.5%," $13,694 "," $24,202 ",56.6%
2014,1,56,Administrative and Support and Waste Management and Remediation Services," 4,837 "," 7,589 ",38.9%," $5,328 "," $6,306 ",84.5%
2014,1,61,Educational Services," 30,365 "," 15,439 ",66.3%," $7,852 "," $9,589 ",81.9%
2014,1,62,Health Care and Social Assistance," 43,204 "," 12,045 ",78.2%," $8,090 "," $12,693 ",63.7%
2014,1,71,"Arts, Entertainment, and Recreation"," 2,386 "," 2,397 ",49.9%," $3,223 "," $5,223 ",61.7%
2014,1,72,Accommodation and Food Services," 20,972 "," 20,617 ",50.4%," $3,506 "," $4,492 ",78.0%
2014,1,81,Other Services (except Public Administration)," 5,205 "," 4,733 ",52.4%," $5,373 "," $8,002 ",67.1%
2014,1,Total,Total," 164,367 "," 156,056 ",51.3%," $7,314 "," $10,390 ",70.4%
2013,4,11,"Agriculture, Forestry, Fishing and Hunting", 983 ," 2,627 ",27.2%," $4,715 "," $6,771 ",69.6%
2013,4,21,"Mining, Quarrying, and Oil and Gas Extraction", 82 , 608 ,11.9%," $11,291 "," $12,495 ",90.4%
2013,4,22,Utilities, 471 ," 1,572 ",23.1%," $19,022 "," $23,084 ",82.4%
2013,4,23,Construction," 1,986 "," 16,258 ",10.9%," $8,547 "," $10,434 ",81.9%
2013,4,31-33,Manufacturing," 9,696 "," 24,387 ",28.4%," $9,963 "," $13,601 ",73.3%
2013,4,42,Wholesale Trade," 3,846 "," 8,861 ",30.3%," $13,074 "," $15,473 ",84.5%
2013,4,44-45,Retail Trade," 23,085 "," 22,140 ",51.0%," $4,471 "," $7,549 ",59.2%
2013,4,48-49,Transportation and Warehousing," 2,397 "," 6,004 ",28.5%," $6,213 "," $9,134 ",68.0%
2013,4,51,Information," 2,328 "," 3,028 ",43.5%," $10,371 "," $14,121 ",73.4%
2013,4,52,Finance and Insurance," 6,456 "," 2,844 ",69.4%," $12,115 "," $25,323 ",47.8%
2013,4,53,Real Estate and Rental and Leasing," 1,487 "," 2,039 ",42.2%," $8,231 "," $9,780 ",84.2%
2013,4,54,"Professional, Scientific, and Technical Services"," 6,929 "," 7,874 ",46.8%," $12,583 "," $22,620 ",55.6%
2013,4,55,Management of Companies and Enterprises, 375 , 447 ,45.6%," $12,140 "," $21,515 ",56.4%
2013,4,56,Administrative and Support and Waste Management and Remediation Services," 5,261 "," 8,744 ",37.6%," $5,213 "," $6,163 ",84.6%
2013,4,61,Educational Services," 31,229 "," 15,851 ",66.3%," $8,027 "," $9,740 ",82.4%
2013,4,62,Health Care and Social Assistance," 43,689 "," 12,121 ",78.3%," $8,553 "," $14,651 ",58.4%
2013,4,71,"Arts, Entertainment, and Recreation"," 2,543 "," 2,790 ",47.7%," $3,051 "," $4,426 ",68.9%
2013,4,72,Accommodation and Food Services," 21,744 "," 20,993 ",50.9%," $3,065 "," $3,847 ",79.7%
2013,4,81,Other Services (except Public Administration)," 5,337 "," 4,895 ",52.2%," $5,543 "," $8,307 ",66.7%
2013,4,Total,Total," 169,924 "," 164,083 ",50.9%," $7,407 "," $10,751 ",68.9%
2013,3,11,"Agriculture, Forestry, Fishing and Hunting"," 1,150 "," 2,741 ",29.6%," $4,107 "," $6,279 ",65.4%
2013,3,21,"Mining, Quarrying, and Oil and Gas Extraction", 87 , 615 ,12.4%," $9,574 "," $11,453 ",83.6%
2013,3,22,Utilities, 473 ," 1,599 ",22.8%," $17,362 "," $23,153 ",75.0%
2013,3,23,Construction," 2,019 "," 16,759 ",10.8%," $7,280 "," $9,686 ",75.2%
2013,3,31-33,Manufacturing," 9,515 "," 24,387 ",28.1%," $9,857 "," $13,251 ",74.4%
2013,3,42,Wholesale Trade," 4,213 "," 9,180 ",31.5%," $9,601 "," $12,216 ",78.6%
2013,3,44-45,Retail Trade," 22,809 "," 22,179 ",50.7%," $4,389 "," $7,013 ",62.6%
2013,3,48-49,Transportation and Warehousing," 2,170 "," 5,572 ",28.0%," $6,053 "," $8,711 ",69.5%
2013,3,51,Information," 2,418 "," 3,025 ",44.4%," $9,417 "," $12,999 ",72.4%
2013,3,52,Finance and Insurance," 6,464 "," 2,852 ",69.4%," $11,355 "," $21,236 ",53.5%
2013,3,53,Real Estate and Rental and Leasing," 1,518 "," 2,121 ",41.7%," $7,368 "," $8,730 ",84.4%
2013,3,54,"Professional, Scientific, and Technical Services"," 7,057 "," 8,007 ",46.8%," $10,867 "," $17,420 ",62.4%
2013,3,55,Management of Companies and Enterprises, 364 , 437 ,45.4%," $13,240 "," $22,194 ",59.7%
2013,3,56,Administrative and Support and Waste Management and Remediation Services," 5,182 "," 9,419 ",35.5%," $5,145 "," $5,708 ",90.1%
2013,3,61,Educational Services," 30,214 "," 15,441 ",66.2%," $6,364 "," $8,348 ",76.2%
2013,3,62,Health Care and Social Assistance," 44,822 "," 12,492 ",78.2%," $7,852 "," $12,358 ",63.5%
2013,3,71,"Arts, Entertainment, and Recreation"," 3,148 "," 3,516 ",47.2%," $2,926 "," $4,815 ",60.8%
2013,3,72,Accommodation and Food Services," 21,618 "," 18,450 ",54.0%," $3,239 "," $4,290 ",75.5%
2013,3,81,Other Services (except Public Administration)," 5,530 "," 4,976 ",52.6%," $5,252 "," $7,639 ",68.8%
2013,3,Total,Total," 170,771 "," 163,768 ",51.0%," $6,699 "," $9,780 ",68.5%
2013,2,11,"Agriculture, Forestry, Fishing and Hunting", 979 ," 2,562 ",27.6%," $4,186 "," $6,269 ",66.8%
2013,2,21,"Mining, Quarrying, and Oil and Gas Extraction", 83 , 611 ,12.0%," $9,682 "," $11,575 ",83.6%
2013,2,22,Utilities, 475 ," 1,608 ",22.8%," $16,273 "," $23,358 ",69.7%
2013,2,23,Construction," 1,955 "," 15,805 ",11.0%," $6,748 "," $8,915 ",75.7%
2013,2,31-33,Manufacturing," 9,535 "," 24,286 ",28.2%," $9,936 "," $13,597 ",73.1%
2013,2,42,Wholesale Trade," 4,095 "," 9,196 ",30.8%," $9,902 "," $12,249 ",80.8%
2013,2,44-45,Retail Trade," 22,199 "," 22,035 ",50.2%," $4,273 "," $6,770 ",63.1%
2013,2,48-49,Transportation and Warehousing," 2,025 "," 5,488 ",27.0%," $6,528 "," $8,600 ",75.9%
2013,2,51,Information," 2,427 "," 3,072 ",44.1%," $10,169 "," $14,279 ",71.2%
2013,2,52,Finance and Insurance," 6,476 "," 2,889 ",69.2%," $11,351 "," $21,874 ",51.9%
2013,2,53,Real Estate and Rental and Leasing," 1,512 "," 2,072 ",42.2%," $6,853 "," $8,201 ",83.6%
2013,2,54,"Professional, Scientific, and Technical Services"," 7,071 "," 7,909 ",47.2%," $10,914 "," $17,620 ",61.9%
2013,2,55,Management of Companies and Enterprises, 351 , 426 ,45.2%," $14,316 "," $27,902 ",51.3%
2013,2,56,Administrative and Support and Waste Management and Remediation Services," 5,162 "," 9,194 ",36.0%," $5,063 "," $5,451 ",92.9%
2013,2,61,Educational Services," 32,188 "," 16,364 ",66.3%," $8,713 "," $9,746 ",89.4%
2013,2,62,Health Care and Social Assistance," 43,962 "," 12,145 ",78.4%," $8,018 "," $12,911 ",62.1%
2013,2,71,"Arts, Entertainment, and Recreation"," 2,848 "," 3,284 ",46.4%," $2,828 "," $3,916 ",72.2%
2013,2,72,Accommodation and Food Services," 21,429 "," 20,406 ",51.2%," $2,726 "," $3,432 ",79.4%
2013,2,81,Other Services (except Public Administration)," 5,408 "," 4,930 ",52.3%," $5,282 "," $7,648 ",69.1%
2013,2,Total,Total," 170,180 "," 164,282 ",50.9%," $7,134 "," $9,758 ",73.1%
2013,1,11,"Agriculture, Forestry, Fishing and Hunting", 736 ," 2,279 ",24.4%," $4,586 "," $6,445 ",71.2%
2013,1,21,"Mining, Quarrying, and Oil and Gas Extraction", 76 , 542 ,12.3%," $10,357 "," $11,750 ",88.1%
2013,1,22,Utilities, 473 ," 1,631 ",22.5%," $18,858 "," $27,663 ",68.2%
2013,1,23,Construction," 1,738 "," 13,243 ",11.6%," $7,026 "," $8,965 ",78.4%
2013,1,31-33,Manufacturing," 9,747 "," 24,051 ",28.8%," $10,051 "," $14,050 ",71.5%
2013,1,42,Wholesale Trade," 3,948 "," 8,768 ",31.0%," $10,046 "," $12,624 ",79.6%
2013,1,44-45,Retail Trade," 21,319 "," 20,938 ",50.5%," $4,429 "," $7,045 ",62.9%
2013,1,48-49,Transportation and Warehousing," 2,164 "," 5,569 ",28.0%," $6,287 "," $8,248 ",76.2%
2013,1,51,Information," 2,450 "," 3,041 ",44.6%," $9,618 "," $13,236 ",72.7%
2013,1,52,Finance and Insurance," 6,386 "," 2,764 ",69.8%," $13,044 "," $29,099 ",44.8%
2013,1,53,Real Estate and Rental and Leasing," 1,433 "," 1,790 ",44.5%," $7,090 "," $8,820 ",80.4%
2013,1,54,"Professional, Scientific, and Technical Services"," 6,899 "," 7,556 ",47.7%," $10,810 "," $18,460 ",58.6%
2013,1,55,Management of Companies and Enterprises, 351 , 434 ,44.7%," $13,957 "," $22,798 ",61.2%
2013,1,56,Administrative and Support and Waste Management and Remediation Services," 4,685 "," 7,505 ",38.4%," $5,327 "," $5,674 ",93.9%
2013,1,61,Educational Services," 30,861 "," 15,471 ",66.6%," $7,731 "," $9,315 ",83.0%
2013,1,62,Health Care and Social Assistance," 43,034 "," 11,876 ",78.4%," $7,890 "," $12,580 ",62.7%
2013,1,71,"Arts, Entertainment, and Recreation"," 2,275 "," 2,333 ",49.4%," $3,213 "," $5,810 ",55.3%
2013,1,72,Accommodation and Food Services," 19,634 "," 19,893 ",49.7%," $3,460 "," $4,372 ",79.1%
2013,1,81,Other Services (except Public Administration)," 5,151 "," 4,589 ",52.9%," $5,270 "," $7,850 ",67.1%
2013,1,Total,Total," 163,360 "," 154,273 ",51.4%," $7,180 "," $10,277 ",69.9%
2012,4,11,"Agriculture, Forestry, Fishing and Hunting", 876 ," 2,465 ",26.2%," $4,855 "," $6,636 ",73.2%
2012,4,21,"Mining, Quarrying, and Oil and Gas Extraction", 78 , 600 ,11.5%," $10,775 "," $12,259 ",87.9%
2012,4,22,Utilities, 484 ," 1,631 ",22.9%," $17,547 "," $23,290 ",75.3%
2012,4,23,Construction," 1,974 "," 15,842 ",11.1%," $8,073 "," $10,159 ",79.5%
2012,4,31-33,Manufacturing," 9,811 "," 24,163 ",28.9%," $9,846 "," $13,938 ",70.6%
2012,4,42,Wholesale Trade," 4,050 "," 8,855 ",31.4%," $10,660 "," $14,254 ",74.8%
2012,4,44-45,Retail Trade," 22,532 "," 21,810 ",50.8%," $4,405 "," $7,354 ",59.9%
2012,4,48-49,Transportation and Warehousing," 2,351 "," 5,867 ",28.6%," $5,974 "," $9,033 ",66.1%
2012,4,51,Information," 2,450 "," 3,016 ",44.8%," $9,807 "," $13,886 ",70.6%
2012,4,52,Finance and Insurance," 6,460 "," 2,806 ",69.7%," $11,960 "," $25,557 ",46.8%
2012,4,53,Real Estate and Rental and Leasing," 1,479 "," 1,994 ",42.6%," $7,766 "," $9,338 ",83.2%
2012,4,54,"Professional, Scientific, and Technical Services"," 6,889 "," 7,727 ",47.1%," $12,155 "," $22,540 ",53.9%
2012,4,55,Management of Companies and Enterprises, 352 , 443 ,44.3%," $11,942 "," $20,444 ",58.4%
2012,4,56,Administrative and Support and Waste Management and Remediation Services," 4,947 "," 8,417 ",37.0%," $5,110 "," $5,918 ",86.4%
2012,4,61,Educational Services," 30,976 "," 15,616 ",66.5%," $8,009 "," $9,709 ",82.5%
2012,4,62,Health Care and Social Assistance," 43,262 "," 11,932 ",78.4%," $8,343 "," $14,474 ",57.6%
2012,4,71,"Arts, Entertainment, and Recreation"," 2,536 "," 2,742 ",48.0%," $3,047 "," $4,664 ",65.3%
2012,4,72,Accommodation and Food Services," 20,354 "," 19,858 ",50.6%," $3,015 "," $3,755 ",80.3%
2012,4,81,Other Services (except Public Administration)," 5,294 "," 4,813 ",52.4%," $5,445 "," $7,967 ",68.3%
2012,4,Total,Total," 167,155 "," 160,597 ",51.0%," $7,272 "," $10,674 ",68.1%
2012,3,11,"Agriculture, Forestry, Fishing and Hunting"," 1,037 "," 2,625 ",28.3%," $4,106 "," $6,202 ",66.2%
2012,3,21,"Mining, Quarrying, and Oil and Gas Extraction", 81 , 628 ,11.4%," $9,878 "," $11,330 ",87.2%
2012,3,22,Utilities, 488 ," 1,640 ",22.9%," $16,122 "," $24,242 ",66.5%
2012,3,23,Construction," 2,020 "," 16,940 ",10.7%," $7,009 "," $9,334 ",75.1%
2012,3,31-33,Manufacturing," 9,557 "," 24,294 ",28.2%," $9,648 "," $13,195 ",73.1%
2012,3,42,Wholesale Trade," 4,032 "," 8,993 ",31.0%," $9,271 "," $12,420 ",74.6%
2012,3,44-45,Retail Trade," 22,470 "," 21,858 ",50.7%," $4,301 "," $6,850 ",62.8%
2012,3,48-49,Transportation and Warehousing," 2,098 "," 5,498 ",27.6%," $5,838 "," $8,636 ",67.6%
2012,3,51,Information," 2,484 "," 3,001 ",45.3%," $8,995 "," $12,571 ",71.6%
2012,3,52,Finance and Insurance," 6,493 "," 2,798 ",69.9%," $11,025 "," $21,153 ",52.1%
2012,3,53,Real Estate and Rental and Leasing," 1,463 "," 2,074 ",41.4%," $6,909 "," $8,170 ",84.6%
2012,3,54,"Professional, Scientific, and Technical Services"," 6,920 "," 7,788 ",47.0%," $10,445 "," $17,313 ",60.3%
2012,3,55,Management of Companies and Enterprises, 360 , 431 ,45.5%," $12,848 "," $23,899 ",53.8%
2012,3,56,Administrative and Support and Waste Management and Remediation Services," 5,095 "," 8,783 ",36.7%," $4,882 "," $5,660 ",86.3%
2012,3,61,Educational Services," 29,750 "," 15,134 ",66.3%," $6,289 "," $8,379 ",75.1%
2012,3,62,Health Care and Social Assistance," 43,951 "," 12,297 ",78.1%," $7,601 "," $12,151 ",62.6%
2012,3,71,"Arts, Entertainment, and Recreation"," 3,054 "," 3,456 ",46.9%," $2,870 "," $4,569 ",62.8%
2012,3,72,Accommodation and Food Services," 20,982 "," 17,899 ",54.0%," $3,166 "," $4,131 ",76.6%
2012,3,81,Other Services (except Public Administration)," 5,666 "," 4,996 ",53.1%," $4,969 "," $7,308 ",68.0%
2012,3,Total,Total," 168,001 "," 161,133 ",51.0%," $6,523 "," $9,693 ",67.3%
2012,2,11,"Agriculture, Forestry, Fishing and Hunting", 956 ," 2,480 ",27.8%," $4,037 "," $6,216 ",65.0%
2012,2,21,"Mining, Quarrying, and Oil and Gas Extraction", 79 , 633 ,11.1%," $9,662 "," $11,696 ",82.6%
2012,2,22,Utilities, 483 ," 1,643 ",22.7%," $15,012 "," $20,409 ",73.6%
2012,2,23,Construction," 1,977 "," 16,187 ",10.9%," $6,694 "," $8,647 ",77.4%
2012,2,31-33,Manufacturing," 9,532 "," 24,222 ",28.2%," $9,596 "," $13,243 ",72.5%
2012,2,42,Wholesale Trade," 4,016 "," 8,999 ",30.9%," $9,477 "," $12,507 ",75.8%
2012,2,44-45,Retail Trade," 22,061 "," 21,679 ",50.4%," $4,166 "," $6,711 ",62.1%
2012,2,48-49,Transportation and Warehousing," 2,018 "," 5,490 ",26.9%," $6,120 "," $8,676 ",70.5%
2012,2,51,Information," 2,507 "," 3,000 ",45.5%," $9,132 "," $12,709 ",71.9%
2012,2,52,Finance and Insurance," 6,485 "," 2,836 ",69.6%," $11,157 "," $22,605 ",49.4%
2012,2,53,Real Estate and Rental and Leasing," 1,466 "," 2,076 ",41.4%," $6,501 "," $7,673 ",84.7%
2012,2,54,"Professional, Scientific, and Technical Services"," 7,139 "," 8,046 ",47.0%," $10,333 "," $16,823 ",61.4%
2012,2,55,Management of Companies and Enterprises, 346 , 415 ,45.5%," $13,741 "," $27,106 ",50.7%
2012,2,56,Administrative and Support and Waste Management and Remediation Services," 5,093 "," 8,592 ",37.2%," $4,805 "," $5,427 ",88.5%
2012,2,61,Educational Services," 31,972 "," 16,200 ",66.4%," $8,493 "," $9,603 ",88.4%
2012,2,62,Health Care and Social Assistance," 43,230 "," 11,919 ",78.4%," $7,761 "," $12,652 ",61.3%
2012,2,71,"Arts, Entertainment, and Recreation"," 2,644 "," 3,015 ",46.7%," $2,857 "," $4,137 ",69.1%
2012,2,72,Accommodation and Food Services," 19,928 "," 18,135 ",52.4%," $2,786 "," $3,509 ",79.4%
2012,2,81,Other Services (except Public Administration)," 5,479 "," 4,962 ",52.5%," $5,090 "," $7,337 ",69.4%
2012,2,Total,Total," 167,411 "," 160,529 ",51.0%," $6,957 "," $9,675 ",71.9%
2012,1,11,"Agriculture, Forestry, Fishing and Hunting", 723 ," 2,191 ",24.8%," $4,381 "," $6,288 ",69.7%
2012,1,21,"Mining, Quarrying, and Oil and Gas Extraction", 77 , 546 ,12.4%," $9,989 "," $10,887 ",91.7%
2012,1,22,Utilities, 481 ," 1,628 ",22.8%," $19,181 "," $26,490 ",72.4%
2012,1,23,Construction," 1,836 "," 13,846 ",11.7%," $6,684 "," $8,474 ",78.9%
2012,1,31-33,Manufacturing," 9,767 "," 23,800 ",29.1%," $9,862 "," $14,300 ",69.0%
2012,1,42,Wholesale Trade," 3,862 "," 8,759 ",30.6%," $9,468 "," $12,588 ",75.2%
2012,1,44-45,Retail Trade," 21,209 "," 21,037 ",50.2%," $4,363 "," $6,942 ",62.9%
2012,1,48-49,Transportation and Warehousing," 2,153 "," 5,436 ",28.4%," $5,901 "," $8,451 ",69.8%
2012,1,51,Information," 2,465 "," 2,965 ",45.4%," $9,242 "," $12,905 ",71.6%
2012,1,52,Finance and Insurance," 6,489 "," 2,798 ",69.9%," $12,449 "," $26,787 ",46.5%
2012,1,53,Real Estate and Rental and Leasing," 1,394 "," 1,815 ",43.4%," $6,801 "," $8,450 ",80.5%
2012,1,54,"Professional, Scientific, and Technical Services"," 6,827 "," 7,560 ",47.5%," $10,517 "," $17,264 ",60.9%
2012,1,55,Management of Companies and Enterprises, 346 , 434 ,44.4%," $13,291 "," $22,373 ",59.4%
2012,1,56,Administrative and Support and Waste Management and Remediation Services," 4,517 "," 7,073 ",39.0%," $5,193 "," $5,679 ",91.4%
2012,1,61,Educational Services," 30,879 "," 15,542 ",66.5%," $7,560 "," $9,086 ",83.2%
2012,1,62,Health Care and Social Assistance," 42,180 "," 11,537 ",78.5%," $7,696 "," $12,440 ",61.9%
2012,1,71,"Arts, Entertainment, and Recreation"," 2,227 "," 2,376 ",48.4%," $3,242 "," $4,651 ",69.7%
2012,1,72,Accommodation and Food Services," 19,370 "," 19,367 ",50.0%," $3,323 "," $4,182 ",79.5%
2012,1,81,Other Services (except Public Administration)," 5,124 "," 4,596 ",52.7%," $5,266 "," $7,815 ",67.4%
2012,1,Total,Total," 161,926 "," 153,306 ",51.4%," $6,998 "," $10,074 ",69.5%
2011,4,11,"Agriculture, Forestry, Fishing and Hunting", 846 ," 2,401 ",26.1%," $4,526 "," $6,678 ",67.8%
2011,4,21,"Mining, Quarrying, and Oil and Gas Extraction", 76 , 601 ,11.2%," $11,928 "," $12,008 ",99.3%
2011,4,22,Utilities, 463 ," 1,613 ",22.3%," $17,162 "," $22,621 ",75.9%
2011,4,23,Construction," 2,066 "," 17,078 ",10.8%," $7,779 "," $9,921 ",78.4%
2011,4,31-33,Manufacturing," 9,921 "," 24,056 ",29.2%," $9,510 "," $13,775 ",69.0%
2011,4,42,Wholesale Trade," 3,981 "," 8,899 ",30.9%," $10,434 "," $13,901 ",75.1%
2011,4,44-45,Retail Trade," 22,684 "," 21,764 ",51.0%," $4,233 "," $7,216 ",58.7%
2011,4,48-49,Transportation and Warehousing," 2,428 "," 6,023 ",28.7%," $5,794 "," $8,838 ",65.6%
2011,4,51,Information," 2,516 "," 3,037 ",45.3%," $9,545 "," $13,919 ",68.6%
2011,4,52,Finance and Insurance," 6,464 "," 2,847 ",69.4%," $11,711 "," $23,521 ",49.8%
2011,4,53,Real Estate and Rental and Leasing," 1,426 "," 1,927 ",42.5%," $7,284 "," $8,912 ",81.7%
2011,4,54,"Professional, Scientific, and Technical Services"," 6,784 "," 7,504 ",47.5%," $11,647 "," $21,848 ",53.3%
2011,4,55,Management of Companies and Enterprises, 336 , 433 ,43.7%," $12,080 "," $19,923 ",60.6%
2011,4,56,Administrative and Support and Waste Management and Remediation Services," 4,966 "," 8,075 ",38.1%," $4,816 "," $5,837 ",82.5%
2011,4,61,Educational Services," 30,427 "," 15,217 ",66.7%," $7,804 "," $9,540 ",81.8%
2011,4,62,Health Care and Social Assistance," 42,328 "," 11,562 ",78.5%," $8,038 "," $13,854 ",58.0%
2011,4,71,"Arts, Entertainment, and Recreation"," 2,416 "," 2,773 ",46.6%," $2,997 "," $4,544 ",65.9%
2011,4,72,Accommodation and Food Services," 20,241 "," 19,506 ",50.9%," $2,885 "," $3,611 ",79.9%
2011,4,81,Other Services (except Public Administration)," 5,209 "," 4,784 ",52.1%," $5,209 "," $7,915 ",65.8%
2011,4,Total,Total," 165,578 "," 160,100 ",50.8%," $7,020 "," $10,412 ",67.4%
2011,3,11,"Agriculture, Forestry, Fishing and Hunting", 959 ," 2,490 ",27.8%," $3,966 "," $6,108 ",64.9%
2011,3,21,"Mining, Quarrying, and Oil and Gas Extraction", 79 , 609 ,11.5%," $10,915 "," $11,958 ",91.3%
2011,3,22,Utilities, 465 ," 1,589 ",22.6%," $15,484 "," $22,329 ",69.3%
2011,3,23,Construction," 2,052 "," 17,240 ",10.6%," $7,089 "," $9,210 ",77.0%
2011,3,31-33,Manufacturing," 9,617 "," 24,074 ",28.5%," $9,944 "," $13,595 ",73.1%
2011,3,42,Wholesale Trade," 4,076 "," 9,072 ",31.0%," $8,953 "," $12,152 ",73.7%
2011,3,44-45,Retail Trade," 22,369 "," 21,777 ",50.7%," $4,318 "," $7,009 ",61.6%
2011,3,48-49,Transportation and Warehousing," 2,052 "," 5,473 ",27.3%," $5,982 "," $8,750 ",68.4%
2011,3,51,Information," 2,457 "," 2,976 ",45.2%," $8,755 "," $12,741 ",68.7%
2011,3,52,Finance and Insurance," 6,549 "," 2,875 ",69.5%," $11,069 "," $21,448 ",51.6%
2011,3,53,Real Estate and Rental and Leasing," 1,408 "," 1,971 ",41.7%," $6,649 "," $8,198 ",81.1%
2011,3,54,"Professional, Scientific, and Technical Services"," 6,871 "," 7,741 ",47.0%," $10,817 "," $17,723 ",61.0%
2011,3,55,Management of Companies and Enterprises, 197 , 164 ,54.6%," $11,471 "," $33,309 ",34.4%
2011,3,56,Administrative and Support and Waste Management and Remediation Services," 5,075 "," 8,803 ",36.6%," $4,823 "," $5,589 ",86.3%
2011,3,61,Educational Services," 29,416 "," 15,066 ",66.1%," $6,455 "," $8,652 ",74.6%
2011,3,62,Health Care and Social Assistance," 43,002 "," 12,019 ",78.2%," $7,602 "," $12,261 ",62.0%
2011,3,71,"Arts, Entertainment, and Recreation"," 2,955 "," 3,400 ",46.5%," $2,956 "," $4,279 ",69.1%
2011,3,72,Accommodation and Food Services," 20,497 "," 17,103 ",54.5%," $3,123 "," $4,188 ",74.6%
2011,3,81,Other Services (except Public Administration)," 5,398 "," 4,995 ",51.9%," $4,933 "," $7,492 ",65.8%
2011,3,Total,Total," 165,494 "," 159,437 ",50.9%," $6,574 "," $9,808 ",67.0%
2011,2,11,"Agriculture, Forestry, Fishing and Hunting", 869 ," 2,391 ",26.7%," $4,056 "," $5,816 ",69.7%
2011,2,21,"Mining, Quarrying, and Oil and Gas Extraction", 77 , 578 ,11.8%," $10,012 "," $11,357 ",88.2%
2011,2,22,Utilities, 456 ," 1,577 ",22.4%," $14,761 "," $20,529 ",71.9%
2011,2,23,Construction," 1,911 "," 15,601 ",10.9%," $6,460 "," $8,109 ",79.7%
2011,2,31-33,Manufacturing," 9,425 "," 23,553 ",28.6%," $9,584 "," $13,357 ",71.8%
2011,2,42,Wholesale Trade," 3,913 "," 8,774 ",30.8%," $8,403 "," $11,491 ",73.1%
2011,2,44-45,Retail Trade," 21,620 "," 21,636 ",50.0%," $4,126 "," $6,635 ",62.2%
2011,2,48-49,Transportation and Warehousing," 1,924 "," 5,372 ",26.4%," $6,414 "," $8,586 ",74.7%
2011,2,51,Information," 2,941 "," 3,109 ",48.6%," $8,220 "," $12,146 ",67.7%
2011,2,52,Finance and Insurance," 6,518 "," 2,828 ",69.7%," $10,776 "," $21,046 ",51.2%
2011,2,53,Real Estate and Rental and Leasing," 1,447 "," 1,943 ",42.7%," $6,269 "," $7,454 ",84.1%
2011,2,54,"Professional, Scientific, and Technical Services"," 6,984 "," 7,667 ",47.7%," $10,307 "," $16,681 ",61.8%
2011,2,55,Management of Companies and Enterprises, 193 , 166 ,53.8%," $11,042 "," $22,650 ",48.7%
2011,2,56,Administrative and Support and Waste Management and Remediation Services," 5,106 "," 8,399 ",37.8%," $4,296 "," $5,140 ",83.6%
2011,2,61,Educational Services," 30,616 "," 15,298 ",66.7%," $8,506 "," $9,736 ",87.4%
2011,2,62,Health Care and Social Assistance," 41,944 "," 11,791 ",78.1%," $7,669 "," $12,273 ",62.5%
2011,2,71,"Arts, Entertainment, and Recreation"," 2,632 "," 3,099 ",45.9%," $2,741 "," $3,916 ",70.0%
2011,2,72,Accommodation and Food Services," 19,937 "," 18,697 ",51.6%," $2,670 "," $3,330 ",80.2%
2011,2,81,Other Services (except Public Administration)," 5,179 "," 4,804 ",51.9%," $4,831 "," $7,478 ",64.6%
2011,2,Total,Total," 163,692 "," 157,283 ",51.0%," $6,813 "," $9,378 ",72.6%
2011,1,11,"Agriculture, Forestry, Fishing and Hunting", 672 ," 1,959 ",25.5%," $4,177 "," $6,202 ",67.4%
2011,1,21,"Mining, Quarrying, and Oil and Gas Extraction", 74 , 477 ,13.4%," $9,983 "," $12,056 ",82.8%
2011,1,22,Utilities, 452 ," 1,564 ",22.4%," $20,076 "," $26,295 ",76.4%
2011,1,23,Construction," 1,676 "," 12,079 ",12.2%," $6,635 "," $8,589 ",77.2%
2011,1,31-33,Manufacturing," 9,796 "," 23,519 ",29.4%," $9,634 "," $13,966 ",69.0%
2011,1,42,Wholesale Trade," 3,704 "," 8,400 ",30.6%," $8,571 "," $12,015 ",71.3%
2011,1,44-45,Retail Trade," 20,900 "," 20,738 ",50.2%," $4,131 "," $6,591 ",62.7%
2011,1,48-49,Transportation and Warehousing," 1,964 "," 5,287 ",27.1%," $6,064 "," $8,276 ",73.3%
2011,1,51,Information," 2,688 "," 3,024 ",47.1%," $8,666 "," $12,452 ",69.6%
2011,1,52,Finance and Insurance," 6,469 "," 2,780 ",69.9%," $12,008 "," $26,395 ",45.5%
2011,1,53,Real Estate and Rental and Leasing," 1,439 "," 1,743 ",45.2%," $6,140 "," $7,824 ",78.5%
2011,1,54,"Professional, Scientific, and Technical Services"," 6,814 "," 7,297 ",48.3%," $10,067 "," $16,865 ",59.7%
2011,1,55,Management of Companies and Enterprises, 187 , 160 ,53.9%," $13,541 "," $34,891 ",38.8%
2011,1,56,Administrative and Support and Waste Management and Remediation Services," 4,162 "," 6,601 ",38.7%," $4,646 "," $5,318 ",87.4%
2011,1,61,Educational Services," 29,947 "," 15,140 ",66.4%," $7,341 "," $8,904 ",82.4%
2011,1,62,Health Care and Social Assistance," 40,881 "," 11,363 ",78.3%," $7,391 "," $11,957 ",61.8%
2011,1,71,"Arts, Entertainment, and Recreation"," 2,092 "," 2,176 ",49.0%," $3,172 "," $4,601 ",68.9%
2011,1,72,Accommodation and Food Services," 18,742 "," 18,562 ",50.2%," $3,138 "," $3,968 ",79.1%
2011,1,81,Other Services (except Public Administration)," 4,929 "," 4,458 ",52.5%," $4,831 "," $7,545 ",64.0%
2011,1,Total,Total," 157,588 "," 147,327 ",51.7%," $6,724 "," $9,835 ",68.4%
2010,4,11,"Agriculture, Forestry, Fishing and Hunting", 812 ," 2,153 ",27.4%," $4,351 "," $6,574 ",66.2%
2010,4,21,"Mining, Quarrying, and Oil and Gas Extraction", 79 , 559 ,12.4%," $12,038 "," $13,824 ",87.1%
2010,4,22,Utilities, 457 ," 1,559 ",22.7%," $15,902 "," $22,046 ",72.1%
2010,4,23,Construction," 1,932 "," 15,122 ",11.3%," $7,978 "," $9,862 ",80.9%
2010,4,31-33,Manufacturing," 9,860 "," 23,809 ",29.3%," $9,846 "," $14,066 ",70.0%
2010,4,42,Wholesale Trade," 3,790 "," 8,603 ",30.6%," $9,839 "," $13,717 ",71.7%
2010,4,44-45,Retail Trade," 22,386 "," 21,500 ",51.0%," $4,350 "," $7,330 ",59.3%
2010,4,48-49,Transportation and Warehousing," 2,160 "," 5,809 ",27.1%," $6,150 "," $8,973 ",68.5%
2010,4,51,Information," 2,764 "," 3,049 ",47.5%," $9,018 "," $12,853 ",70.2%
2010,4,52,Finance and Insurance," 6,550 "," 2,810 ",70.0%," $11,729 "," $23,527 ",49.9%
2010,4,53,Real Estate and Rental and Leasing," 1,464 "," 1,919 ",43.3%," $7,216 "," $9,068 ",79.6%
2010,4,54,"Professional, Scientific, and Technical Services"," 6,718 "," 7,378 ",47.7%," $12,193 "," $23,100 ",52.8%
2010,4,55,Management of Companies and Enterprises, 188 , 146 ,56.3%," $11,765 "," $25,230 ",46.6%
2010,4,56,Administrative and Support and Waste Management and Remediation Services," 4,445 "," 7,557 ",37.0%," $4,857 "," $5,688 ",85.4%
2010,4,61,Educational Services," 30,396 "," 15,282 ",66.5%," $8,049 "," $9,873 ",81.5%
2010,4,62,Health Care and Social Assistance," 41,448 "," 11,692 ",78.0%," $8,144 "," $13,957 ",58.4%
2010,4,71,"Arts, Entertainment, and Recreation"," 2,347 "," 2,728 ",46.2%," $2,942 "," $4,294 ",68.5%
2010,4,72,Accommodation and Food Services," 19,637 "," 19,141 ",50.6%," $2,938 "," $3,641 ",80.7%
2010,4,81,Other Services (except Public Administration)," 5,029 "," 4,674 ",51.8%," $5,149 "," $8,027 ",64.1%
2010,4,Total,Total," 162,462 "," 155,490 ",51.1%," $7,158 "," $10,552 ",67.8%
2010,3,11,"Agriculture, Forestry, Fishing and Hunting", 956 ," 2,233 ",30.0%," $3,968 "," $6,196 ",64.0%
2010,3,21,"Mining, Quarrying, and Oil and Gas Extraction", 91 , 579 ,13.6%," $10,864 "," $11,559 ",94.0%
2010,3,22,Utilities, 456 ," 1,614 ",22.0%," $15,332 "," $22,385 ",68.5%
2010,3,23,Construction," 1,985 "," 15,853 ",11.1%," $6,920 "," $9,129 ",75.8%
2010,3,31-33,Manufacturing," 9,518 "," 23,777 ",28.6%," $9,656 "," $13,137 ",73.5%
2010,3,42,Wholesale Trade," 3,725 "," 8,502 ",30.5%," $8,730 "," $11,917 ",73.3%
2010,3,44-45,Retail Trade," 22,211 "," 21,402 ",50.9%," $4,139 "," $6,647 ",62.3%
2010,3,48-49,Transportation and Warehousing," 1,989 "," 5,345 ",27.1%," $5,771 "," $8,894 ",64.9%
2010,3,51,Information," 2,844 "," 3,089 ",47.9%," $8,353 "," $11,962 ",69.8%
2010,3,52,Finance and Insurance," 6,570 "," 2,837 ",69.8%," $10,436 "," $20,101 ",51.9%
2010,3,53,Real Estate and Rental and Leasing," 1,501 "," 2,055 ",42.2%," $6,342 "," $7,994 ",79.3%
2010,3,54,"Professional, Scientific, and Technical Services"," 6,759 "," 7,447 ",47.6%," $10,214 "," $17,472 ",58.5%
2010,3,55,Management of Companies and Enterprises, 187 , 145 ,56.3%," $14,689 "," $34,777 ",42.2%
2010,3,56,Administrative and Support and Waste Management and Remediation Services," 4,458 "," 7,983 ",35.8%," $4,544 "," $5,524 ",82.3%
2010,3,61,Educational Services," 29,184 "," 14,729 ",66.5%," $6,168 "," $8,410 ",73.3%
2010,3,62,Health Care and Social Assistance," 42,222 "," 11,810 ",78.1%," $7,635 "," $12,276 ",62.2%
2010,3,71,"Arts, Entertainment, and Recreation"," 2,829 "," 3,226 ",46.7%," $3,004 "," $4,250 ",70.7%
2010,3,72,Accommodation and Food Services," 19,836 "," 16,604 ",54.4%," $3,047 "," $4,017 ",75.9%
2010,3,81,Other Services (except Public Administration)," 5,350 "," 4,783 ",52.8%," $4,762 "," $7,514 ",63.4%
2010,3,Total,Total," 162,671 "," 154,013 ",51.4%," $6,418 "," $9,608 ",66.8%
2010,2,11,"Agriculture, Forestry, Fishing and Hunting", 902 ," 2,180 ",29.3%," $3,990 "," $5,898 ",67.7%
2010,2,21,"Mining, Quarrying, and Oil and Gas Extraction", 90 , 571 ,13.6%," $10,322 "," $11,375 ",90.7%
2010,2,22,Utilities, 453 ," 1,602 ",22.0%," $15,199 "," $22,521 ",67.5%
2010,2,23,Construction," 1,926 "," 15,057 ",11.3%," $6,600 "," $8,502 ",77.6%
2010,2,31-33,Manufacturing," 9,425 "," 23,355 ",28.8%," $9,498 "," $13,046 ",72.8%
2010,2,42,Wholesale Trade," 3,660 "," 8,303 ",30.6%," $8,195 "," $11,547 ",71.0%
2010,2,44-45,Retail Trade," 21,643 "," 21,267 ",50.4%," $4,109 "," $6,521 ",63.0%
2010,2,48-49,Transportation and Warehousing," 1,858 "," 5,132 ",26.6%," $6,282 "," $8,752 ",71.8%
2010,2,51,Information," 2,867 "," 3,101 ",48.0%," $8,102 "," $11,481 ",70.6%
2010,2,52,Finance and Insurance," 6,597 "," 2,819 ",70.1%," $10,501 "," $21,166 ",49.6%
2010,2,53,Real Estate and Rental and Leasing," 1,472 "," 1,996 ",42.4%," $6,174 "," $7,604 ",81.2%
2010,2,54,"Professional, Scientific, and Technical Services"," 6,875 "," 7,438 ",48.0%," $10,005 "," $16,557 ",60.4%
2010,2,55,Management of Companies and Enterprises, 164 , 133 ,55.2%," $11,739 "," $29,923 ",39.2%
2010,2,56,Administrative and Support and Waste Management and Remediation Services," 4,390 "," 7,630 ",36.5%," $4,378 "," $5,263 ",83.2%
2010,2,61,Educational Services," 31,070 "," 15,469 ",66.8%," $8,585 "," $9,747 ",88.1%
2010,2,62,Health Care and Social Assistance," 41,294 "," 11,534 ",78.2%," $7,331 "," $11,864 ",61.8%
2010,2,71,"Arts, Entertainment, and Recreation"," 2,481 "," 2,889 ",46.2%," $2,681 "," $3,917 ",68.4%
2010,2,72,Accommodation and Food Services," 19,557 "," 18,144 ",51.9%," $2,616 "," $3,268 ",80.0%
2010,2,81,Other Services (except Public Administration)," 5,109 "," 4,626 ",52.5%," $4,769 "," $7,215 ",66.1%
2010,2,Total,Total," 161,833 "," 153,246 ",51.4%," $6,719 "," $9,377 ",71.7%
2010,1,11,"Agriculture, Forestry, Fishing and Hunting", 689 ," 1,867 ",27.0%," $4,014 "," $5,956 ",67.4%
2010,1,21,"Mining, Quarrying, and Oil and Gas Extraction", 83 , 504 ,14.1%," $11,382 "," $11,974 ",95.1%
2010,1,22,Utilities, 454 ," 1,592 ",22.2%," $19,144 "," $25,796 ",74.2%
2010,1,23,Construction," 1,691 "," 11,696 ",12.6%," $6,174 "," $8,545 ",72.3%
2010,1,31-33,Manufacturing," 9,519 "," 22,738 ",29.5%," $9,263 "," $13,416 ",69.0%
2010,1,42,Wholesale Trade," 3,505 "," 7,936 ",30.6%," $8,325 "," $11,599 ",71.8%
2010,1,44-45,Retail Trade," 20,775 "," 20,282 ",50.6%," $3,997 "," $6,368 ",62.8%
2010,1,48-49,Transportation and Warehousing," 1,862 "," 5,080 ",26.8%," $5,734 "," $8,104 ",70.8%
2010,1,51,Information," 2,826 "," 3,104 ",47.7%," $8,172 "," $11,417 ",71.6%
2010,1,52,Finance and Insurance," 6,531 "," 2,782 ",70.1%," $11,578 "," $26,560 ",43.6%
2010,1,53,Real Estate and Rental and Leasing," 1,429 "," 1,805 ",44.2%," $6,101 "," $7,787 ",78.3%
2010,1,54,"Professional, Scientific, and Technical Services"," 6,662 "," 7,156 ",48.2%," $9,625 "," $15,884 ",60.6%
2010,1,55,Management of Companies and Enterprises, 111 , 117 ,48.7%," $13,475 "," $30,929 ",43.6%
2010,1,56,Administrative and Support and Waste Management and Remediation Services," 3,832 "," 6,025 ",38.9%," $4,656 "," $5,356 ",86.9%
2010,1,61,Educational Services," 29,949 "," 15,111 ",66.5%," $7,221 "," $8,775 ",82.3%
2010,1,62,Health Care and Social Assistance," 40,172 "," 11,266 ",78.1%," $7,163 "," $11,462 ",62.5%
2010,1,71,"Arts, Entertainment, and Recreation"," 2,031 "," 2,184 ",48.2%," $3,045 "," $4,367 ",69.7%
2010,1,72,Accommodation and Food Services," 18,035 "," 17,926 ",50.2%," $3,050 "," $3,887 ",78.5%
2010,1,81,Other Services (except Public Administration)," 4,893 "," 4,325 ",53.1%," $4,738 "," $7,222 ",65.6%
2010,1,Total,Total," 155,049 "," 143,496 ",51.9%," $6,535 "," $9,552 ",68.4%
2009,4,11,"Agriculture, Forestry, Fishing and Hunting", 799 ," 2,067 ",27.9%," $4,356 "," $6,465 ",67.4%
2009,4,21,"Mining, Quarrying, and Oil and Gas Extraction", 90 , 556 ,13.9%," $15,205 "," $13,564 ",112.1%
2009,4,22,Utilities, 461 ," 1,616 ",22.2%," $16,022 "," $22,255 ",72.0%
2009,4,23,Construction," 1,985 "," 15,336 ",11.5%," $7,921 "," $9,760 ",81.2%
2009,4,31-33,Manufacturing," 9,839 "," 23,646 ",29.4%," $9,865 "," $13,686 ",72.1%
2009,4,42,Wholesale Trade," 3,612 "," 8,084 ",30.9%," $9,591 "," $13,398 ",71.6%
2009,4,44-45,Retail Trade," 22,553 "," 21,485 ",51.2%," $4,425 "," $7,397 ",59.8%
2009,4,48-49,Transportation and Warehousing," 2,146 "," 5,590 ",27.7%," $6,080 "," $9,000 ",67.6%
2009,4,51,Information," 2,989 "," 3,017 ",49.8%," $8,905 "," $12,769 ",69.7%
2009,4,52,Finance and Insurance," 6,604 "," 2,862 ",69.8%," $11,317 "," $23,297 ",48.6%
2009,4,53,Real Estate and Rental and Leasing," 1,400 "," 1,877 ",42.7%," $7,018 "," $8,650 ",81.1%
2009,4,54,"Professional, Scientific, and Technical Services"," 6,850 "," 7,316 ",48.4%," $11,363 "," $21,341 ",53.2%
2009,4,55,Management of Companies and Enterprises, 198 , 124 ,61.5%," $8,575 "," $15,751 ",54.4%
2009,4,56,Administrative and Support and Waste Management and Remediation Services," 3,998 "," 7,295 ",35.4%," $5,036 "," $6,019 ",83.7%
2009,4,61,Educational Services," 29,668 "," 14,689 ",66.9%," $7,919 "," $9,898 ",80.0%
2009,4,62,Health Care and Social Assistance," 40,278 "," 11,079 ",78.4%," $7,993 "," $13,726 ",58.2%
2009,4,71,"Arts, Entertainment, and Recreation"," 2,450 "," 2,756 ",47.1%," $2,911 "," $4,287 ",67.9%
2009,4,72,Accommodation and Food Services," 19,316 "," 18,652 ",50.9%," $2,892 "," $3,613 ",80.0%
2009,4,81,Other Services (except Public Administration)," 4,978 "," 4,551 ",52.2%," $5,214 "," $8,009 ",65.1%
2009,4,Total,Total," 160,214 "," 152,598 ",51.2%," $7,048 "," $10,382 ",67.9%
2009,3,11,"Agriculture, Forestry, Fishing and Hunting", 939 ," 2,121 ",30.7%," $4,204 "," $5,997 ",70.1%
2009,3,21,"Mining, Quarrying, and Oil and Gas Extraction", 102 , 590 ,14.7%," $14,114 "," $11,467 ",123.1%
2009,3,22,Utilities, 471 ," 1,623 ",22.5%," $13,863 "," $19,248 ",72.0%
2009,3,23,Construction," 2,070 "," 15,751 ",11.6%," $6,684 "," $8,893 ",75.2%
2009,3,31-33,Manufacturing," 9,424 "," 22,963 ",29.1%," $9,186 "," $12,604 ",72.9%
2009,3,42,Wholesale Trade," 3,662 "," 8,354 ",30.5%," $8,588 "," $11,702 ",73.4%
2009,3,44-45,Retail Trade," 22,215 "," 21,175 ",51.2%," $4,088 "," $6,603 ",61.9%
2009,3,48-49,Transportation and Warehousing," 1,860 "," 5,050 ",26.9%," $5,697 "," $8,600 ",66.2%
2009,3,51,Information," 2,632 "," 2,608 ",50.2%," $7,719 "," $10,365 ",74.5%
2009,3,52,Finance and Insurance," 6,643 "," 2,725 ",70.9%," $10,365 "," $20,849 ",49.7%
2009,3,53,Real Estate and Rental and Leasing," 1,384 "," 1,941 ",41.6%," $6,122 "," $7,803 ",78.5%
2009,3,54,"Professional, Scientific, and Technical Services"," 6,777 "," 7,181 ",48.6%," $9,693 "," $16,263 ",59.6%
2009,3,55,Management of Companies and Enterprises, 175 , 135 ,56.5%," $10,809 "," $26,736 ",40.4%
2009,3,56,Administrative and Support and Waste Management and Remediation Services," 3,719 "," 7,565 ",33.0%," $4,703 "," $5,772 ",81.5%
2009,3,61,Educational Services," 26,810 "," 13,391 ",66.7%," $5,983 "," $8,373 ",71.5%
2009,3,62,Health Care and Social Assistance," 40,789 "," 10,580 ",79.4%," $7,336 "," $12,488 ",58.7%
2009,3,71,"Arts, Entertainment, and Recreation"," 2,744 "," 3,032 ",47.5%," $2,883 "," $4,488 ",64.2%
2009,3,72,Accommodation and Food Services," 19,148 "," 15,798 ",54.8%," $2,995 "," $3,989 ",75.1%
2009,3,81,Other Services (except Public Administration)," 5,004 "," 4,474 ",52.8%," $4,755 "," $7,572 ",62.8%
2009,3,Total,Total," 156,568 "," 147,057 ",51.6%," $6,237 "," $9,378 ",66.5%
2009,2,11,"Agriculture, Forestry, Fishing and Hunting", 898 ," 1,962 ",31.4%," $4,301 "," $5,887 ",73.1%
2009,2,21,"Mining, Quarrying, and Oil and Gas Extraction", 99 , 588 ,14.4%," $11,326 "," $12,773 ",88.7%
2009,2,22,Utilities, 450 ," 1,486 ",23.2%," $14,743 "," $21,205 ",69.5%
2009,2,23,Construction," 1,986 "," 14,757 ",11.9%," $6,289 "," $8,095 ",77.7%
2009,2,31-33,Manufacturing," 9,297 "," 22,949 ",28.8%," $9,017 "," $12,346 ",73.0%
2009,2,42,Wholesale Trade," 3,596 "," 8,159 ",30.6%," $8,064 "," $11,393 ",70.8%
2009,2,44-45,Retail Trade," 21,540 "," 20,820 ",50.8%," $4,080 "," $6,559 ",62.2%
2009,2,48-49,Transportation and Warehousing," 1,863 "," 4,995 ",27.2%," $6,283 "," $8,398 ",74.8%
2009,2,51,Information," 2,649 "," 2,637 ",50.1%," $7,647 "," $10,095 ",75.7%
2009,2,52,Finance and Insurance," 6,730 "," 2,754 ",71.0%," $10,112 "," $20,696 ",48.9%
2009,2,53,Real Estate and Rental and Leasing," 1,446 "," 1,964 ",42.4%," $5,900 "," $7,109 ",83.0%
2009,2,54,"Professional, Scientific, and Technical Services"," 6,655 "," 7,041 ",48.6%," $9,548 "," $15,665 ",61.0%
2009,2,55,Management of Companies and Enterprises, 188 , 134 ,58.4%," $9,194 "," $16,346 ",56.2%
2009,2,56,Administrative and Support and Waste Management and Remediation Services," 3,676 "," 7,017 ",34.4%," $4,706 "," $5,863 ",80.3%
2009,2,61,Educational Services," 28,180 "," 14,032 ",66.8%," $8,457 "," $9,774 ",86.5%
2009,2,62,Health Care and Social Assistance," 39,760 "," 10,496 ",79.1%," $7,186 "," $12,092 ",59.4%
2009,2,71,"Arts, Entertainment, and Recreation"," 2,417 "," 2,842 ",46.0%," $2,695 "," $3,693 ",73.0%
2009,2,72,Accommodation and Food Services," 18,820 "," 17,451 ",51.9%," $2,543 "," $3,194 ",79.6%
2009,2,81,Other Services (except Public Administration)," 4,895 "," 4,444 ",52.4%," $4,694 "," $7,282 ",64.5%
2009,2,Total,Total," 155,145 "," 146,528 ",51.4%," $6,557 "," $9,136 ",71.8%
2009,1,11,"Agriculture, Forestry, Fishing and Hunting", 650 ," 1,662 ",28.1%," $4,154 "," $6,268 ",66.3%
2009,1,21,"Mining, Quarrying, and Oil and Gas Extraction", 94 , 533 ,15.0%," $12,277 "," $12,892 ",95.2%
2009,1,22,Utilities, 442 ," 1,461 ",23.2%," $19,975 "," $26,087 ",76.6%
2009,1,23,Construction," 1,807 "," 12,177 ",12.9%," $6,527 "," $8,524 ",76.6%
2009,1,31-33,Manufacturing," 10,554 "," 24,576 ",30.0%," $9,090 "," $13,234 ",68.7%
2009,1,42,Wholesale Trade," 3,609 "," 8,066 ",30.9%," $8,384 "," $11,965 ",70.1%
2009,1,44-45,Retail Trade," 21,375 "," 20,568 ",51.0%," $3,936 "," $6,476 ",60.8%
2009,1,48-49,Transportation and Warehousing," 1,994 "," 5,187 ",27.8%," $5,707 "," $7,832 ",72.9%
2009,1,51,Information," 2,696 "," 2,663 ",50.3%," $7,882 "," $10,631 ",74.1%
2009,1,52,Finance and Insurance," 6,680 "," 2,724 ",71.0%," $11,696 "," $27,998 ",41.8%
2009,1,53,Real Estate and Rental and Leasing," 1,458 "," 1,798 ",44.8%," $5,896 "," $7,639 ",77.2%
2009,1,54,"Professional, Scientific, and Technical Services"," 6,665 "," 6,978 ",48.9%," $9,663 "," $15,695 ",61.6%
2009,1,55,Management of Companies and Enterprises, 173 , 123 ,58.4%," $7,478 "," $16,724 ",44.7%
2009,1,56,Administrative and Support and Waste Management and Remediation Services," 3,523 "," 6,041 ",36.8%," $4,822 "," $6,050 ",79.7%
2009,1,61,Educational Services," 27,551 "," 13,524 ",67.1%," $7,400 "," $9,304 ",79.5%
2009,1,62,Health Care and Social Assistance," 39,004 "," 10,236 ",79.2%," $7,010 "," $11,871 ",59.1%
2009,1,71,"Arts, Entertainment, and Recreation"," 2,062 "," 2,178 ",48.6%," $3,106 "," $4,348 ",71.4%
2009,1,72,Accommodation and Food Services," 18,129 "," 17,743 ",50.5%," $3,054 "," $3,944 ",77.4%
2009,1,81,Other Services (except Public Administration)," 4,797 "," 4,286 ",52.8%," $4,799 "," $7,384 ",65.0%
2009,1,Total,Total," 153,263 "," 142,524 ",51.8%," $6,518 "," $9,680 ",67.3%
2008,4,11,"Agriculture, Forestry, Fishing and Hunting", 803 ," 1,991 ",28.7%," $5,247 "," $6,387 ",82.2%
2008,4,21,"Mining, Quarrying, and Oil and Gas Extraction", 106 , 572 ,15.6%," $12,180 "," $13,050 ",93.3%
2008,4,22,Utilities, 460 ," 1,466 ",23.9%," $16,246 "," $24,623 ",66.0%
2008,4,23,Construction," 2,173 "," 16,225 ",11.8%," $7,648 "," $9,670 ",79.1%
2008,4,31-33,Manufacturing," 10,861 "," 25,970 ",29.5%," $9,315 "," $12,960 ",71.9%
2008,4,42,Wholesale Trade," 3,803 "," 8,642 ",30.6%," $8,919 "," $12,540 ",71.1%
2008,4,44-45,Retail Trade," 23,814 "," 22,117 ",51.8%," $4,062 "," $7,076 ",57.4%
2008,4,48-49,Transportation and Warehousing," 2,274 "," 5,683 ",28.6%," $6,181 "," $8,749 ",70.6%
2008,4,51,Information," 3,030 "," 2,822 ",51.8%," $7,511 "," $11,263 ",66.7%
2008,4,52,Finance and Insurance," 6,814 "," 2,818 ",70.7%," $10,653 "," $22,283 ",47.8%
2008,4,53,Real Estate and Rental and Leasing," 1,506 "," 2,027 ",42.6%," $6,511 "," $8,264 ",78.8%
2008,4,54,"Professional, Scientific, and Technical Services"," 6,879 "," 7,387 ",48.2%," $10,935 "," $20,730 ",52.7%
2008,4,55,Management of Companies and Enterprises, 125 , 132 ,48.6%," $9,494 "," $16,450 ",57.7%
2008,4,56,Administrative and Support and Waste Management and Remediation Services," 4,390 "," 7,685 ",36.4%," $4,567 "," $6,001 ",76.1%
2008,4,61,Educational Services," 27,372 "," 13,493 ",67.0%," $7,522 "," $9,364 ",80.3%
2008,4,62,Health Care and Social Assistance," 40,200 "," 10,275 ",79.6%," $7,555 "," $13,747 ",55.0%
2008,4,71,"Arts, Entertainment, and Recreation"," 2,412 "," 2,713 ",47.1%," $2,850 "," $4,482 ",63.6%
2008,4,72,Accommodation and Food Services," 19,522 "," 18,534 ",51.3%," $2,814 "," $3,606 ",78.0%
2008,4,81,Other Services (except Public Administration)," 5,008 "," 4,625 ",52.0%," $4,900 "," $7,877 ",62.2%
2008,4,Total,Total," 161,552 "," 155,177 ",51.0%," $6,642 "," $10,054 ",66.1%
2008,3,11,"Agriculture, Forestry, Fishing and Hunting"," 1,038 "," 2,101 ",33.1%," $3,752 "," $5,819 ",64.5%
2008,3,21,"Mining, Quarrying, and Oil and Gas Extraction", 117 , 668 ,14.9%," $11,089 "," $11,939 ",92.9%
2008,3,22,Utilities, 468 ," 1,515 ",23.6%," $17,031 "," $22,059 ",77.2%
2008,3,23,Construction," 2,235 "," 17,233 ",11.5%," $6,469 "," $8,627 ",75.0%
2008,3,31-33,Manufacturing," 11,046 "," 26,701 ",29.3%," $9,000 "," $12,309 ",73.1%
2008,3,42,Wholesale Trade," 3,793 "," 8,570 ",30.7%," $8,013 "," $11,702 ",68.5%
2008,3,44-45,Retail Trade," 24,244 "," 22,436 ",51.9%," $3,839 "," $6,471 ",59.3%
2008,3,48-49,Transportation and Warehousing," 2,128 "," 5,391 ",28.3%," $5,448 "," $8,535 ",63.8%
2008,3,51,Information," 3,238 "," 3,247 ",49.9%," $8,019 "," $11,398 ",70.4%
2008,3,52,Finance and Insurance," 6,906 "," 2,847 ",70.8%," $10,088 "," $21,260 ",47.4%
2008,3,53,Real Estate and Rental and Leasing," 1,586 "," 2,159 ",42.3%," $5,844 "," $7,250 ",80.6%
2008,3,54,"Professional, Scientific, and Technical Services"," 6,815 "," 7,385 ",48.0%," $9,451 "," $16,170 ",58.4%
2008,3,55,Management of Companies and Enterprises, 94 , 99 ,48.7%," $8,862 "," $12,914 ",68.6%
2008,3,56,Administrative and Support and Waste Management and Remediation Services," 4,251 "," 8,398 ",33.6%," $4,548 "," $5,978 ",76.1%
2008,3,61,Educational Services," 26,558 "," 12,791 ",67.5%," $5,865 "," $8,458 ",69.3%
2008,3,62,Health Care and Social Assistance," 40,023 "," 10,263 ",79.6%," $6,872 "," $11,950 ",57.5%
2008,3,71,"Arts, Entertainment, and Recreation"," 2,870 "," 3,209 ",47.2%," $2,805 "," $4,094 ",68.5%
2008,3,72,Accommodation and Food Services," 20,509 "," 16,895 ",54.8%," $2,890 "," $3,847 ",75.1%
2008,3,81,Other Services (except Public Administration)," 5,225 "," 4,698 ",52.7%," $4,641 "," $7,372 ",63.0%
2008,3,Total,Total," 163,144 "," 156,606 ",51.0%," $5,970 "," $9,260 ",64.5%
2008,2,11,"Agriculture, Forestry, Fishing and Hunting", 914 ," 1,910 ",32.4%," $3,901 "," $5,863 ",66.5%
2008,2,21,"Mining, Quarrying, and Oil and Gas Extraction", 115 , 657 ,14.9%," $10,472 "," $11,430 ",91.6%
2008,2,22,Utilities, 465 ," 1,484 ",23.9%," $13,433 "," $20,672 ",65.0%
2008,2,23,Construction," 2,172 "," 16,221 ",11.8%," $6,127 "," $8,057 ",76.1%
2008,2,31-33,Manufacturing," 11,238 "," 26,231 ",30.0%," $8,842 "," $12,425 ",71.2%
2008,2,42,Wholesale Trade," 3,675 "," 8,638 ",29.8%," $7,802 "," $11,023 ",70.8%
2008,2,44-45,Retail Trade," 23,289 "," 22,381 ",51.0%," $3,920 "," $6,388 ",61.4%
2008,2,48-49,Transportation and Warehousing," 1,961 "," 5,343 ",26.8%," $6,280 "," $8,403 ",74.7%
2008,2,51,Information," 3,090 "," 3,123 ",49.7%," $8,028 "," $10,953 ",73.3%
2008,2,52,Finance and Insurance," 6,875 "," 2,816 ",70.9%," $9,976 "," $20,737 ",48.1%
2008,2,53,Real Estate and Rental and Leasing," 1,527 "," 2,101 ",42.1%," $5,968 "," $6,916 ",86.3%
2008,2,54,"Professional, Scientific, and Technical Services"," 6,822 "," 7,437 ",47.8%," $9,371 "," $15,593 ",60.1%
2008,2,55,Management of Companies and Enterprises, 105 , 128 ,45.1%," $9,066 "," $12,203 ",74.3%
2008,2,56,Administrative and Support and Waste Management and Remediation Services," 4,083 "," 7,704 ",34.6%," $4,106 "," $4,950 ",82.9%
2008,2,61,Educational Services," 26,333 "," 13,094 ",66.8%," $7,999 "," $9,485 ",84.3%
2008,2,62,Health Care and Social Assistance," 38,587 "," 9,921 ",79.5%," $6,860 "," $11,692 ",58.7%
2008,2,71,"Arts, Entertainment, and Recreation"," 2,593 "," 2,956 ",46.7%," $2,603 "," $3,603 ",72.3%
2008,2,72,Accommodation and Food Services," 20,039 "," 18,277 ",52.3%," $2,479 "," $3,177 ",78.0%
2008,2,81,Other Services (except Public Administration)," 5,117 "," 4,758 ",51.8%," $4,531 "," $7,116 ",63.7%
2008,2,Total,Total," 159,000 "," 155,180 ",50.6%," $6,258 "," $8,987 ",69.6%
2008,1,11,"Agriculture, Forestry, Fishing and Hunting", 593 ," 1,617 ",26.8%," $4,318 "," $6,114 ",70.6%
2008,1,21,"Mining, Quarrying, and Oil and Gas Extraction", 125 , 578 ,17.8%," $11,884 "," $13,824 ",86.0%
2008,1,22,Utilities, 448 ," 1,440 ",23.7%," $17,803 "," $26,053 ",68.3%
2008,1,23,Construction," 1,868 "," 12,954 ",12.6%," $6,513 "," $8,511 ",76.5%
2008,1,31-33,Manufacturing," 11,386 "," 26,086 ",30.4%," $9,174 "," $13,293 ",69.0%
2008,1,42,Wholesale Trade," 3,578 "," 8,451 ",29.7%," $8,155 "," $11,561 ",70.5%
2008,1,44-45,Retail Trade," 22,740 "," 21,407 ",51.5%," $3,887 "," $6,476 ",60.0%
2008,1,48-49,Transportation and Warehousing," 2,095 "," 4,980 ",29.6%," $5,500 "," $8,121 ",67.7%
2008,1,51,Information," 3,230 "," 3,088 ",51.1%," $7,953 "," $11,460 ",69.4%
2008,1,52,Finance and Insurance," 6,782 "," 2,801 ",70.8%," $11,741 "," $30,646 ",38.3%
2008,1,53,Real Estate and Rental and Leasing," 1,447 "," 1,853 ",43.8%," $5,838 "," $7,705 ",75.8%
2008,1,54,"Professional, Scientific, and Technical Services"," 6,659 "," 7,125 ",48.3%," $9,394 "," $16,359 ",57.4%
2008,1,55,Management of Companies and Enterprises, 109 , 115 ,48.7%," $9,398 "," $15,841 ",59.3%
2008,1,56,Administrative and Support and Waste Management and Remediation Services," 3,761 "," 6,684 ",36.0%," $4,817 "," $5,889 ",81.8%
2008,1,61,Educational Services," 24,671 "," 12,398 ",66.6%," $7,160 "," $9,146 ",78.3%
2008,1,62,Health Care and Social Assistance," 36,868 "," 9,573 ",79.4%," $7,064 "," $11,999 ",58.9%
2008,1,71,"Arts, Entertainment, and Recreation"," 2,041 "," 2,003 ",50.5%," $2,977 "," $4,398 ",67.7%
2008,1,72,Accommodation and Food Services," 18,502 "," 18,033 ",50.6%," $3,056 "," $3,940 ",77.6%
2008,1,81,Other Services (except Public Administration)," 4,800 "," 4,418 ",52.1%," $4,658 "," $7,537 ",61.8%
2008,1,Total,Total," 151,703 "," 145,604 ",51.0%," $6,429 "," $9,779 ",65.7%
2007,4,11,"Agriculture, Forestry, Fishing and Hunting", 814 ," 1,845 ",30.6%," $3,903 "," $6,339 ",61.6%
2007,4,21,"Mining, Quarrying, and Oil and Gas Extraction", 85 , 568 ,13.0%," $10,155 "," $11,743 ",86.5%
2007,4,22,Utilities, 452 ," 1,417 ",24.2%," $13,699 "," $20,433 ",67.0%
2007,4,23,Construction," 2,176 "," 16,322 ",11.8%," $7,461 "," $9,451 ",78.9%
2007,4,31-33,Manufacturing," 11,683 "," 26,449 ",30.6%," $8,778 "," $12,655 ",69.4%
2007,4,42,Wholesale Trade," 3,483 "," 8,569 ",28.9%," $8,543 "," $12,128 ",70.4%
2007,4,44-45,Retail Trade," 24,679 "," 22,493 ",52.3%," $3,914 "," $6,928 ",56.5%
2007,4,48-49,Transportation and Warehousing," 2,315 "," 5,426 ",29.9%," $5,742 "," $8,151 ",70.4%
2007,4,51,Information," 3,223 "," 3,149 ",50.6%," $7,600 "," $11,382 ",66.8%
2007,4,52,Finance and Insurance," 6,849 "," 2,866 ",70.5%," $10,290 "," $23,279 ",44.2%
2007,4,53,Real Estate and Rental and Leasing," 1,545 "," 1,947 ",44.2%," $6,214 "," $8,108 ",76.6%
2007,4,54,"Professional, Scientific, and Technical Services"," 6,671 "," 7,373 ",47.5%," $10,622 "," $20,296 ",52.3%
2007,4,55,Management of Companies and Enterprises, 156 , 198 ,44.1%," $9,868 "," $15,949 ",61.9%
2007,4,56,Administrative and Support and Waste Management and Remediation Services," 4,359 "," 7,598 ",36.5%," $4,683 "," $5,754 ",81.4%
2007,4,61,Educational Services," 25,171 "," 12,451 ",66.9%," $7,025 "," $8,927 ",78.7%
2007,4,62,Health Care and Social Assistance," 37,122 "," 9,677 ",79.3%," $7,157 "," $12,790 ",56.0%
2007,4,71,"Arts, Entertainment, and Recreation"," 2,352 "," 2,559 ",47.9%," $2,708 "," $4,403 ",61.5%
2007,4,72,Accommodation and Food Services," 19,331 "," 18,180 ",51.5%," $2,752 "," $3,518 ",78.2%
2007,4,81,Other Services (except Public Administration)," 5,013 "," 4,680 ",51.7%," $4,604 "," $7,355 ",62.6%
2007,4,Total,Total," 157,479 "," 153,767 ",50.6%," $6,294 "," $9,753 ",64.5%
2007,3,11,"Agriculture, Forestry, Fishing and Hunting", 991 ," 1,979 ",33.4%," $3,647 "," $5,588 ",65.3%
2007,3,21,"Mining, Quarrying, and Oil and Gas Extraction", 87 , 594 ,12.8%," $9,374 "," $10,941 ",85.7%
2007,3,22,Utilities, 455 ," 1,452 ",23.9%," $13,773 "," $20,219 ",68.1%
2007,3,23,Construction," 2,482 "," 18,593 ",11.8%," $6,103 "," $8,207 ",74.4%
2007,3,31-33,Manufacturing," 11,360 "," 26,636 ",29.9%," $8,645 "," $12,161 ",71.1%
2007,3,42,Wholesale Trade," 3,408 "," 8,044 ",29.8%," $7,716 "," $11,274 ",68.4%
2007,3,44-45,Retail Trade," 24,404 "," 22,385 ",52.2%," $3,700 "," $6,314 ",58.6%
2007,3,48-49,Transportation and Warehousing," 2,066 "," 5,207 ",28.4%," $5,147 "," $8,364 ",61.5%
2007,3,51,Information," 3,120 "," 3,181 ",49.5%," $7,665 "," $10,976 ",69.8%
2007,3,52,Finance and Insurance," 7,051 "," 2,894 ",70.9%," $9,763 "," $19,808 ",49.3%
2007,3,53,Real Estate and Rental and Leasing," 1,569 "," 2,101 ",42.8%," $5,663 "," $7,106 ",79.7%
2007,3,54,"Professional, Scientific, and Technical Services"," 6,780 "," 7,169 ",48.6%," $9,102 "," $15,419 ",59.0%
2007,3,55,Management of Companies and Enterprises, 132 , 170 ,43.7%," $10,778 "," $15,772 ",68.3%
2007,3,56,Administrative and Support and Waste Management and Remediation Services," 4,249 "," 8,013 ",34.7%," $4,362 "," $5,483 ",79.6%
2007,3,61,Educational Services," 25,373 "," 12,988 ",66.1%," $5,530 "," $7,845 ",70.5%
2007,3,62,Health Care and Social Assistance," 38,035 "," 9,728 ",79.6%," $6,665 "," $11,633 ",57.3%
2007,3,71,"Arts, Entertainment, and Recreation"," 2,923 "," 3,131 ",48.3%," $2,657 "," $3,954 ",67.2%
2007,3,72,Accommodation and Food Services," 20,013 "," 16,086 ",55.4%," $2,819 "," $3,832 ",73.6%
2007,3,81,Other Services (except Public Administration)," 5,254 "," 4,870 ",51.9%," $4,368 "," $6,976 ",62.6%
2007,3,Total,Total," 159,752 "," 155,221 ",50.7%," $5,731 "," $8,932 ",64.2%
2007,2,11,"Agriculture, Forestry, Fishing and Hunting", 873 ," 1,923 ",31.2%," $3,747 "," $5,383 ",69.6%
2007,2,21,"Mining, Quarrying, and Oil and Gas Extraction", 84 , 644 ,11.5%," $8,977 "," $10,779 ",83.3%
2007,2,22,Utilities, 439 ," 1,429 ",23.5%," $15,069 "," $23,210 ",64.9%
2007,2,23,Construction," 2,598 "," 17,950 ",12.6%," $6,192 "," $7,959 ",77.8%
2007,2,31-33,Manufacturing," 11,420 "," 26,793 ",29.9%," $8,527 "," $12,005 ",71.0%
2007,2,42,Wholesale Trade," 3,328 "," 7,955 ",29.5%," $7,610 "," $10,756 ",70.8%
2007,2,44-45,Retail Trade," 23,685 "," 22,409 ",51.4%," $3,680 "," $6,208 ",59.3%
2007,2,48-49,Transportation and Warehousing," 1,883 "," 5,034 ",27.2%," $5,889 "," $8,055 ",73.1%
2007,2,51,Information," 3,130 "," 3,140 ",49.9%," $7,998 "," $11,158 ",71.7%
2007,2,52,Finance and Insurance," 7,008 "," 2,881 ",70.9%," $9,292 "," $19,532 ",47.6%
2007,2,53,Real Estate and Rental and Leasing," 1,540 "," 2,080 ",42.5%," $5,500 "," $6,650 ",82.7%
2007,2,54,"Professional, Scientific, and Technical Services"," 6,700 "," 7,160 ",48.3%," $8,744 "," $14,662 ",59.6%
2007,2,55,Management of Companies and Enterprises, 151 , 200 ,43.0%," $10,306 "," $15,584 ",66.1%
2007,2,56,Administrative and Support and Waste Management and Remediation Services," 4,063 "," 7,724 ",34.5%," $4,152 "," $5,207 ",79.7%
2007,2,61,Educational Services," 26,758 "," 13,355 ",66.7%," $7,461 "," $8,873 ",84.1%
2007,2,62,Health Care and Social Assistance," 36,976 "," 9,536 ",79.5%," $6,589 "," $11,268 ",58.5%
2007,2,71,"Arts, Entertainment, and Recreation"," 2,687 "," 2,837 ",48.6%," $2,331 "," $3,569 ",65.3%
2007,2,72,Accommodation and Food Services," 20,157 "," 17,905 ",53.0%," $2,454 "," $3,259 ",75.3%
2007,2,81,Other Services (except Public Administration)," 4,954 "," 4,664 ",51.5%," $4,305 "," $6,848 ",62.9%
2007,2,Total,Total," 158,434 "," 155,619 ",50.4%," $5,956 "," $8,739 ",68.2%
2007,1,11,"Agriculture, Forestry, Fishing and Hunting", 637 ," 1,537 ",29.3%," $3,910 "," $5,849 ",66.9%
2007,1,21,"Mining, Quarrying, and Oil and Gas Extraction", 76 , 585 ,11.5%," $9,576 "," $11,290 ",84.8%
2007,1,22,Utilities, 439 ," 1,446 ",23.3%," $16,209 "," $25,186 ",64.4%
2007,1,23,Construction," 2,244 "," 14,600 ",13.3%," $6,585 "," $8,240 ",79.9%
2007,1,31-33,Manufacturing," 11,542 "," 26,163 ",30.6%," $8,566 "," $12,733 ",67.3%
2007,1,42,Wholesale Trade," 3,372 "," 7,857 ",30.0%," $8,268 "," $11,403 ",72.5%
2007,1,44-45,Retail Trade," 22,594 "," 21,326 ",51.4%," $3,742 "," $6,346 ",59.0%
2007,1,48-49,Transportation and Warehousing," 2,111 "," 4,987 ",29.7%," $5,147 "," $8,110 ",63.5%
2007,1,51,Information," 3,118 "," 3,152 ",49.7%," $8,406 "," $11,573 ",72.6%
2007,1,52,Finance and Insurance," 6,986 "," 2,871 ",70.9%," $10,718 "," $27,128 ",39.5%
2007,1,53,Real Estate and Rental and Leasing," 1,536 "," 1,910 ",44.6%," $5,703 "," $6,963 ",81.9%
2007,1,54,"Professional, Scientific, and Technical Services"," 6,593 "," 6,761 ",49.4%," $8,994 "," $15,597 ",57.7%
2007,1,55,Management of Companies and Enterprises, 145 , 180 ,44.6%," $11,812 "," $21,441 ",55.1%
2007,1,56,Administrative and Support and Waste Management and Remediation Services," 3,597 "," 6,163 ",36.9%," $4,392 "," $5,588 ",78.6%
2007,1,61,Educational Services," 26,264 "," 13,114 ",66.7%," $6,689 "," $8,483 ",78.9%
2007,1,62,Health Care and Social Assistance," 35,812 "," 9,268 ",79.4%," $6,762 "," $11,530 ",58.6%
2007,1,71,"Arts, Entertainment, and Recreation"," 2,150 "," 2,015 ",51.6%," $2,850 "," $4,448 ",64.1%
2007,1,72,Accommodation and Food Services," 18,634 "," 17,621 ",51.4%," $2,993 "," $3,927 ",76.2%
2007,1,81,Other Services (except Public Administration)," 4,827 "," 4,402 ",52.3%," $4,423 "," $7,140 ",61.9%
2007,1,Total,Total," 152,677 "," 145,958 ",51.1%," $6,124 "," $9,386 ",65.3%
2006,4,11,"Agriculture, Forestry, Fishing and Hunting", 808 ," 1,770 ",31.3%," $3,739 "," $5,620 ",66.5%
2006,4,21,"Mining, Quarrying, and Oil and Gas Extraction", 86 , 581 ,12.9%," $10,230 "," $11,861 ",86.2%
2006,4,22,Utilities, 438 ," 1,458 ",23.1%," $13,788 "," $20,787 ",66.3%
2006,4,23,Construction," 2,578 "," 17,974 ",12.5%," $7,123 "," $9,297 ",76.6%
2006,4,31-33,Manufacturing," 11,793 "," 26,619 ",30.7%," $8,507 "," $12,475 ",68.2%
2006,4,42,Wholesale Trade," 3,545 "," 8,100 ",30.4%," $8,266 "," $12,219 ",67.7%
2006,4,44-45,Retail Trade," 24,638 "," 22,641 ",52.1%," $3,739 "," $6,710 ",55.7%
2006,4,48-49,Transportation and Warehousing," 2,258 "," 5,393 ",29.5%," $5,416 "," $8,251 ",65.6%
2006,4,51,Information," 3,153 "," 3,171 ",49.9%," $7,964 "," $11,512 ",69.2%
2006,4,52,Finance and Insurance," 6,994 "," 2,852 ",71.0%," $9,466 "," $20,185 ",46.9%
2006,4,53,Real Estate and Rental and Leasing," 1,577 "," 1,971 ",44.4%," $6,077 "," $7,591 ",80.0%
2006,4,54,"Professional, Scientific, and Technical Services"," 6,593 "," 6,983 ",48.6%," $9,881 "," $19,389 ",51.0%
2006,4,55,Management of Companies and Enterprises, 150 , 169 ,47.0%," $9,865 "," $17,485 ",56.4%
2006,4,56,Administrative and Support and Waste Management and Remediation Services," 3,957 "," 7,432 ",34.7%," $4,262 "," $5,362 ",79.5%
2006,4,61,Educational Services," 26,383 "," 13,387 ",66.3%," $6,483 "," $8,147 ",79.6%
2006,4,62,Health Care and Social Assistance," 35,989 "," 9,400 ",79.3%," $6,845 "," $12,523 ",54.7%
2006,4,71,"Arts, Entertainment, and Recreation"," 2,413 "," 2,549 ",48.6%," $2,539 "," $4,685 ",54.2%
2006,4,72,Accommodation and Food Services," 19,314 "," 17,561 ",52.4%," $2,671 "," $3,510 ",76.1%
2006,4,81,Other Services (except Public Administration)," 5,170 "," 4,820 ",51.8%," $4,491 "," $7,097 ",63.3%
2006,4,Total,Total," 157,837 "," 154,831 ",50.5%," $5,987 "," $9,452 ",63.3%
2006,3,11,"Agriculture, Forestry, Fishing and Hunting", 960 ," 1,759 ",35.3%," $3,446 "," $5,289 ",65.2%
2006,3,21,"Mining, Quarrying, and Oil and Gas Extraction", 87 , 586 ,12.9%," $8,240 "," $10,828 ",76.1%
2006,3,22,Utilities, 444 ," 1,461 ",23.3%," $12,576 "," $18,703 ",67.2%
2006,3,23,Construction," 2,532 "," 18,779 ",11.9%," $5,990 "," $7,973 ",75.1%
2006,3,31-33,Manufacturing," 11,542 "," 27,050 ",29.9%," $8,211 "," $11,618 ",70.7%
2006,3,42,Wholesale Trade," 3,437 "," 7,870 ",30.4%," $7,741 "," $11,032 ",70.2%
2006,3,44-45,Retail Trade," 24,475 "," 22,571 ",52.0%," $3,509 "," $6,011 ",58.4%
2006,3,48-49,Transportation and Warehousing," 1,941 "," 5,003 ",28.0%," $5,102 "," $8,008 ",63.7%
2006,3,51,Information," 3,195 "," 3,331 ",49.0%," $7,919 "," $10,328 ",76.7%
2006,3,52,Finance and Insurance," 6,969 "," 2,772 ",71.5%," $9,173 "," $18,094 ",50.7%
2006,3,53,Real Estate and Rental and Leasing," 1,603 "," 2,042 ",44.0%," $5,303 "," $6,576 ",80.6%
2006,3,54,"Professional, Scientific, and Technical Services"," 6,537 "," 6,858 ",48.8%," $8,420 "," $14,834 ",56.8%
2006,3,55,Management of Companies and Enterprises, 126 , 164 ,43.4%," $9,950 "," $15,600 ",63.8%
2006,3,56,Administrative and Support and Waste Management and Remediation Services," 4,274 "," 7,839 ",35.3%," $3,917 "," $5,202 ",75.3%
2006,3,61,Educational Services," 25,640 "," 13,228 ",66.0%," $5,334 "," $7,463 ",71.5%
2006,3,62,Health Care and Social Assistance," 35,801 "," 9,209 ",79.5%," $6,394 "," $11,172 ",57.2%
2006,3,71,"Arts, Entertainment, and Recreation"," 2,990 "," 3,043 ",49.6%," $2,453 "," $4,020 ",61.0%
2006,3,72,Accommodation and Food Services," 20,411 "," 16,083 ",55.9%," $2,726 "," $3,766 ",72.4%
2006,3,81,Other Services (except Public Administration)," 5,315 "," 4,879 ",52.1%," $4,285 "," $6,726 ",63.7%
2006,3,Total,Total," 158,279 "," 154,527 ",50.6%," $5,459 "," $8,541 ",63.9%
2006,2,11,"Agriculture, Forestry, Fishing and Hunting", 861 ," 1,663 ",34.1%," $3,283 "," $5,145 ",63.8%
2006,2,21,"Mining, Quarrying, and Oil and Gas Extraction", 88 , 576 ,13.3%," $8,020 "," $10,764 ",74.5%
2006,2,22,Utilities, 404 ," 1,375 ",22.7%," $12,924 "," $19,571 ",66.0%
2006,2,23,Construction," 2,456 "," 17,966 ",12.0%," $5,812 "," $7,524 ",77.3%
2006,2,31-33,Manufacturing," 11,316 "," 26,755 ",29.7%," $8,159 "," $11,646 ",70.1%
2006,2,42,Wholesale Trade," 3,292 "," 7,888 ",29.4%," $7,628 "," $10,829 ",70.4%
2006,2,44-45,Retail Trade," 23,541 "," 22,406 ",51.2%," $3,598 "," $6,035 ",59.6%
2006,2,48-49,Transportation and Warehousing," 1,887 "," 4,939 ",27.6%," $5,514 "," $7,905 ",69.8%
2006,2,51,Information," 3,106 "," 3,086 ",50.2%," $7,529 "," $10,176 ",74.0%
2006,2,52,Finance and Insurance," 7,045 "," 2,848 ",71.2%," $8,921 "," $18,395 ",48.5%
2006,2,53,Real Estate and Rental and Leasing," 1,591 "," 2,003 ",44.3%," $5,235 "," $6,438 ",81.3%
2006,2,54,"Professional, Scientific, and Technical Services"," 6,578 "," 7,016 ",48.4%," $8,230 "," $14,089 ",58.4%
2006,2,55,Management of Companies and Enterprises, 143 , 190 ,42.9%," $9,849 "," $15,242 ",64.6%
2006,2,56,Administrative and Support and Waste Management and Remediation Services," 4,185 "," 7,864 ",34.7%," $3,655 "," $4,773 ",76.6%
2006,2,61,Educational Services," 24,783 "," 12,862 ",65.8%," $6,913 "," $8,281 ",83.5%
2006,2,62,Health Care and Social Assistance," 34,132 "," 8,933 ",79.3%," $6,352 "," $10,939 ",58.1%
2006,2,71,"Arts, Entertainment, and Recreation"," 2,641 "," 2,846 ",48.1%," $2,222 "," $4,036 ",55.0%
2006,2,72,Accommodation and Food Services," 19,783 "," 17,190 ",53.5%," $2,337 "," $3,098 ",75.5%
2006,2,81,Other Services (except Public Administration)," 5,157 "," 4,761 ",52.0%," $4,126 "," $6,582 ",62.7%
2006,2,Total,Total," 152,989 "," 153,167 ",50.0%," $5,638 "," $8,385 ",67.2%
2006,1,11,"Agriculture, Forestry, Fishing and Hunting", 591 ," 1,416 ",29.4%," $3,709 "," $5,597 ",66.3%
2006,1,21,"Mining, Quarrying, and Oil and Gas Extraction", 78 , 509 ,13.3%," $8,549 "," $11,415 ",74.9%
2006,1,22,Utilities, 403 ," 1,361 ",22.8%," $15,447 "," $23,372 ",66.1%
2006,1,23,Construction," 1,997 "," 14,158 ",12.4%," $6,028 "," $7,626 ",79.1%
2006,1,31-33,Manufacturing," 11,684 "," 26,841 ",30.3%," $8,435 "," $12,422 ",67.9%
2006,1,42,Wholesale Trade," 3,305 "," 7,824 ",29.7%," $7,916 "," $11,391 ",69.5%
2006,1,44-45,Retail Trade," 22,474 "," 21,666 ",50.9%," $3,683 "," $6,315 ",58.3%
2006,1,48-49,Transportation and Warehousing," 2,019 "," 4,841 ",29.4%," $5,010 "," $7,701 ",65.1%
2006,1,51,Information," 3,150 "," 3,244 ",49.3%," $7,927 "," $10,619 ",74.6%
2006,1,52,Finance and Insurance," 7,040 "," 2,872 ",71.0%," $10,239 "," $26,109 ",39.2%
2006,1,53,Real Estate and Rental and Leasing," 1,541 "," 1,764 ",46.6%," $5,200 "," $6,869 ",75.7%
2006,1,54,"Professional, Scientific, and Technical Services"," 6,312 "," 6,556 ",49.1%," $9,345 "," $16,039 ",58.3%
2006,1,55,Management of Companies and Enterprises, 128 , 171 ,42.8%," $11,493 "," $20,485 ",56.1%
2006,1,56,Administrative and Support and Waste Management and Remediation Services," 3,709 "," 6,474 ",36.4%," $3,858 "," $4,906 ",78.6%
2006,1,61,Educational Services," 26,079 "," 13,489 ",65.9%," $6,203 "," $7,871 ",78.8%
2006,1,62,Health Care and Social Assistance," 34,203 "," 8,955 ",79.3%," $6,525 "," $11,157 ",58.5%
2006,1,71,"Arts, Entertainment, and Recreation"," 2,112 "," 1,978 ",51.6%," $2,664 "," $4,483 ",59.4%
2006,1,72,Accommodation and Food Services," 18,365 "," 17,570 ",51.1%," $2,928 "," $3,816 ",76.7%
2006,1,81,Other Services (except Public Administration)," 4,862 "," 4,369 ",52.7%," $4,506 "," $6,876 ",65.5%
2006,1,Total,Total," 150,052 "," 146,058 ",50.7%," $5,897 "," $9,066 ",65.0%
